"","registry_code","age_group","number_of_cases","person_years_at_risk","incidence_rate_100000","latitude","longitude","distance"
"620",312400199,9,35,695012,5.03588427250177,55.001251,-115.002136,798982.413527085
"621",312400199,14,730,302023,241.703446426266,55.001251,-115.002136,798982.413527085
"622",312400199,10,89,753427,11.8126905459985,55.001251,-115.002136,798982.413527085
"623",312400199,15,889,219428,405.144284229907,55.001251,-115.002136,798982.413527085
"624",312400199,6,4,810491,0.493527997226373,55.001251,-115.002136,798982.413527085
"625",312400199,1,1,623684,0.160337606865015,55.001251,-115.002136,798982.413527085
"626",312400199,4,0,636438,0,55.001251,-115.002136,798982.413527085
"627",312400199,13,616,439507,140.157039592088,55.001251,-115.002136,798982.413527085
"628",312400199,8,4,707985,0.564983721406527,55.001251,-115.002136,798982.413527085
"629",312400199,11,243,723900,33.5681723995027,55.001251,-115.002136,798982.413527085
"630",312400199,5,0,728127,0,55.001251,-115.002136,798982.413527085
"631",312400199,2,0,561269,0,55.001251,-115.002136,798982.413527085
"632",312400199,18,348,81079,429.211016416088,55.001251,-115.002136,798982.413527085
"633",312400199,3,0,576589,0,55.001251,-115.002136,798982.413527085
"634",312400199,7,4,752452,0.53159537086751,55.001251,-115.002136,798982.413527085
"635",312400199,17,631,118127,534.170850017354,55.001251,-115.002136,798982.413527085
"636",312400199,16,823,173094,475.464198643512,55.001251,-115.002136,798982.413527085
"637",312400199,12,431,583950,73.8076890144704,55.001251,-115.002136,798982.413527085
"638",312400299,18,789,153504,513.993120700438,55.001251,-125.002441,256698.821253879
"639",312400299,15,1202,377738,318.209976226909,55.001251,-125.002441,256698.821253879
"640",312400299,14,1183,505646,233.958144630829,55.001251,-125.002441,256698.821253879
"641",312400299,11,293,861344,34.0166066054909,55.001251,-125.002441,256698.821253879
"642",312400299,10,140,880331,15.9031091714367,55.001251,-125.002441,256698.821253879
"643",312400299,17,1054,206206,511.139346090802,55.001251,-125.002441,256698.821253879
"644",312400299,7,5,730777,0.684203252154898,55.001251,-125.002441,256698.821253879
"645",312400299,6,3,773959,0.387617431931149,55.001251,-125.002441,256698.821253879
"646",312400299,8,16,741522,2.15772424823539,55.001251,-125.002441,256698.821253879
"647",312400299,1,1,567907,0.176085168874481,55.001251,-125.002441,256698.821253879
"648",312400299,12,593,778688,76.1537355140955,55.001251,-125.002441,256698.821253879
"649",312400299,5,2,768868,0.260122673852989,55.001251,-125.002441,256698.821253879
"650",312400299,2,1,567095,0.176337297983583,55.001251,-125.002441,256698.821253879
"651",312400299,13,870,681073,127.739610878716,55.001251,-125.002441,256698.821253879
"652",312400299,3,0,634141,0,55.001251,-125.002441,256698.821253879
"653",312400299,4,1,734868,0.136078860421191,55.001251,-125.002441,256698.821253879
"654",312400299,16,1254,299172,419.156872969396,55.001251,-125.002441,256698.821253879
"655",312400299,9,45,800880,5.61881929877135,55.001251,-125.002441,256698.821253879
"656",312400399,11,107,226969,47.1430019077495,55.001251,-97.001038,333925.864788374
"657",312400399,5,1,220560,0.453391367428364,55.001251,-97.001038,333925.864788374
"658",312400399,7,4,199521,2.00480149959152,55.001251,-97.001038,333925.864788374
"659",312400399,2,0,195321,0,55.001251,-97.001038,333925.864788374
"660",312400399,17,278,51562,539.156743338117,55.001251,-97.001038,333925.864788374
"661",312400399,6,0,209155,0,55.001251,-97.001038,333925.864788374
"662",312400399,9,10,208371,4.79913231687711,55.001251,-97.001038,333925.864788374
"663",312400399,15,367,88999,412.364183867234,55.001251,-97.001038,333925.864788374
"664",312400399,4,0,225296,0,55.001251,-97.001038,333925.864788374
"665",312400399,3,0,208173,0,55.001251,-97.001038,333925.864788374
"666",312400399,18,225,42347,531.324533024772,55.001251,-97.001038,333925.864788374
"667",312400399,12,134,195694,68.4742506157573,55.001251,-97.001038,333925.864788374
"668",312400399,16,345,70914,486.504780438277,55.001251,-97.001038,333925.864788374
"669",312400399,13,287,164183,174.804943264528,55.001251,-97.001038,333925.864788374
"670",312400399,8,4,201074,1.98931736574594,55.001251,-97.001038,333925.864788374
"671",312400399,1,0,200217,0,55.001251,-97.001038,333925.864788374
"672",312400399,10,43,235006,18.2974051726339,55.001251,-97.001038,333925.864788374
"673",312400399,14,357,120422,296.457457939579,55.001251,-97.001038,333925.864788374
"674",312400499,1,0,8597,0,65.0000004,-118,338068.506966557
"675",312400499,6,0,9703,0,65.0000004,-118,338068.506966557
"676",312400499,7,0,8858,0,65.0000004,-118,338068.506966557
"677",312400499,10,2,9153,21.8507593138862,65.0000004,-118,338068.506966557
"678",312400499,8,1,8317,12.0235661897319,65.0000004,-118,338068.506966557
"679",312400499,5,0,9327,0,65.0000004,-118,338068.506966557
"680",312400499,2,0,7384,0,65.0000004,-118,338068.506966557
"681",312400499,9,0,8333,0,65.0000004,-118,338068.506966557
"682",312400499,11,4,8260,48.4261501210654,65.0000004,-118,338068.506966557
"683",312400499,4,0,9217,0,65.0000004,-118,338068.506966557
"684",312400499,3,0,7629,0,65.0000004,-118,338068.506966557
"685",312400499,12,1,6451,15.5014726399008,65.0000004,-118,338068.506966557
"686",312400599,8,1,122507,0.816279886047328,46.500283,-66.750183,124129.562303182
"687",312400599,7,1,113152,0.883766968325792,46.500283,-66.750183,124129.562303182
"688",312400599,14,344,93052,369.685767097967,46.500283,-66.750183,124129.562303182
"689",312400599,9,11,132731,8.28743850343929,46.500283,-66.750183,124129.562303182
"690",312400599,15,366,66552,549.945906959971,46.500283,-66.750183,124129.562303182
"691",312400599,2,0,94518,0,46.500283,-66.750183,124129.562303182
"692",312400599,6,1,115124,0.868628609151871,46.500283,-66.750183,124129.562303182
"693",312400599,18,170,24719,687.730086168534,46.500283,-66.750183,124129.562303182
"694",312400599,4,0,121014,0,46.500283,-66.750183,124129.562303182
"695",312400599,17,214,32110,666.459047025849,46.500283,-66.750183,124129.562303182
"696",312400599,16,321,48175,666.320705760249,46.500283,-66.750183,124129.562303182
"697",312400599,11,89,151608,58.7040261727613,46.500283,-66.750183,124129.562303182
"698",312400599,5,0,122841,0,46.500283,-66.750183,124129.562303182
"699",312400599,12,164,141450,115.942028985507,46.500283,-66.750183,124129.562303182
"700",312400599,10,31,151819,20.4190516338535,46.500283,-66.750183,124129.562303182
"701",312400599,3,0,106390,0,46.500283,-66.750183,124129.562303182
"702",312400599,13,279,126982,219.716180246019,46.500283,-66.750183,124129.562303182
"703",312400599,1,1,92576,1.08019357068787,46.500283,-66.750183,124129.562303182
"704",312400699,8,2,148791,1.34416732194824,45.1960403,-63.1653789,23876.9633224945
"705",312400699,2,0,114894,0,45.1960403,-63.1653789,23876.9633224945
"706",312400699,16,375,61197,612.77513603608,45.1960403,-63.1653789,23876.9633224945
"707",312400699,1,0,113635,0,45.1960403,-63.1653789,23876.9633224945
"708",312400699,11,116,188103,61.6683412811066,45.1960403,-63.1653789,23876.9633224945
"709",312400699,15,434,84550,513.305736250739,45.1960403,-63.1653789,23876.9633224945
"710",312400699,5,0,160922,0,45.1960403,-63.1653789,23876.9633224945
"711",312400699,6,1,142587,0.701326207859062,45.1960403,-63.1653789,23876.9633224945
"712",312400699,13,322,156125,206.244995996797,45.1960403,-63.1653789,23876.9633224945
"713",312400699,7,3,137219,2.1862861557073,45.1960403,-63.1653789,23876.9633224945
"714",312400699,18,196,30497,642.686165852379,45.1960403,-63.1653789,23876.9633224945
"715",312400699,9,9,163512,5.5041831792162,45.1960403,-63.1653789,23876.9633224945
"716",312400699,4,0,152487,0,45.1960403,-63.1653789,23876.9633224945
"717",312400699,3,0,130876,0,45.1960403,-63.1653789,23876.9633224945
"718",312400699,10,34,190998,17.8012335207698,45.1960403,-63.1653789,23876.9633224945
"719",312400699,14,414,116058,356.718192627824,45.1960403,-63.1653789,23876.9633224945
"720",312400699,12,188,170887,110.014219923107,45.1960403,-63.1653789,23876.9633224945
"721",312400699,17,272,39643,686.123653608455,45.1960403,-63.1653789,23876.9633224945
"722",312400799,17,36,5903,609.859393528714,46.5035454,-63.5955171,5722.2577336102
"723",312400799,10,3,28028,10.7035821321536,46.5035454,-63.5955171,5722.2577336102
"724",312400799,5,0,23354,0,46.5035454,-63.5955171,5722.2577336102
"725",312400799,4,0,25093,0,46.5035454,-63.5955171,5722.2577336102
"726",312400799,14,68,17019,399.553440272636,46.5035454,-63.5955171,5722.2577336102
"727",312400799,13,59,23948,246.367128779021,46.5035454,-63.5955171,5722.2577336102
"728",312400799,6,0,19688,0,46.5035454,-63.5955171,5722.2577336102
"729",312400799,9,1,24095,4.15023863872173,46.5035454,-63.5955171,5722.2577336102
"730",312400799,8,1,21578,4.63434980072296,46.5035454,-63.5955171,5722.2577336102
"731",312400799,11,12,27165,44.1744892324683,46.5035454,-63.5955171,5722.2577336102
"732",312400799,2,0,18850,0,46.5035454,-63.5955171,5722.2577336102
"733",312400799,7,1,19645,5.09035377958768,46.5035454,-63.5955171,5722.2577336102
"734",312400799,16,78,9408,829.081632653061,46.5035454,-63.5955171,5722.2577336102
"735",312400799,1,0,18127,0,46.5035454,-63.5955171,5722.2577336102
"736",312400799,3,0,22009,0,46.5035454,-63.5955171,5722.2577336102
"737",312400799,15,68,12631,538.35800807537,46.5035454,-63.5955171,5722.2577336102
"738",312400799,12,32,25393,126.018981609105,46.5035454,-63.5955171,5722.2577336102
"739",312400899,4,0,80023,0,53.8217327,-61.2295532,22070.6430952879
"740",312400899,14,243,66928,363.076739182405,53.8217327,-61.2295532,22070.6430952879
"741",312400899,10,17,105405,16.1282671600019,53.8217327,-61.2295532,22070.6430952879
"742",312400899,15,236,47114,500.912679882837,53.8217327,-61.2295532,22070.6430952879
"743",312400899,5,1,81687,1.22418499883702,53.8217327,-61.2295532,22070.6430952879
"744",312400899,9,7,97042,7.21337152985305,53.8217327,-61.2295532,22070.6430952879
"745",312400899,6,0,76123,0,53.8217327,-61.2295532,22070.6430952879
"746",312400899,12,113,103808,108.854808877928,53.8217327,-61.2295532,22070.6430952879
"747",312400899,18,71,13636,520.680551481373,53.8217327,-61.2295532,22070.6430952879
"748",312400899,1,0,62509,0,53.8217327,-61.2295532,22070.6430952879
"749",312400899,2,0,64460,0,53.8217327,-61.2295532,22070.6430952879
"750",312400899,8,2,84908,2.35549064870212,53.8217327,-61.2295532,22070.6430952879
"751",312400899,3,0,70309,0,53.8217327,-61.2295532,22070.6430952879
"752",312400899,16,196,33021,593.561672874837,53.8217327,-61.2295532,22070.6430952879
"753",312400899,17,164,20178,812.766379224898,53.8217327,-61.2295532,22070.6430952879
"754",312400899,13,208,92811,224.111366109621,53.8217327,-61.2295532,22070.6430952879
"755",312400899,7,1,75926,1.31707188578353,53.8217327,-61.2295532,22070.6430952879
"756",312400899,11,53,106441,49.7928429834368,53.8217327,-61.2295532,22070.6430952879
"757",312400999,10,2,7767,25.7499678125402,63.000147,-136.002502,378056.309763243
"758",312400999,9,1,6323,15.8152775581211,63.000147,-136.002502,378056.309763243
"759",312400999,13,10,5386,185.666542888971,63.000147,-136.002502,378056.309763243
"760",312400999,8,0,6112,0,63.000147,-136.002502,378056.309763243
"761",312400999,3,0,5111,0,63.000147,-136.002502,378056.309763243
"762",312400999,5,0,6215,0,63.000147,-136.002502,378056.309763243
"763",312400999,12,2,7175,27.8745644599303,63.000147,-136.002502,378056.309763243
"764",312400999,6,0,6326,0,63.000147,-136.002502,378056.309763243
"765",312400999,7,0,5862,0,63.000147,-136.002502,378056.309763243
"766",312400999,1,0,5091,0,63.000147,-136.002502,378056.309763243
"767",312400999,11,2,8355,23.9377618192699,63.000147,-136.002502,378056.309763243
"768",312400999,4,0,6124,0,63.000147,-136.002502,378056.309763243
"769",312401099,8,48,2213573,2.16843989333083,50.000678,-86.000977,371951.693274685
"770",312401099,4,6,2277402,0.263458098306755,50.000678,-86.000977,371951.693274685
"771",312401099,17,2562,548344,467.224953678713,50.000678,-86.000977,371951.693274685
"772",312401099,14,3429,1324120,258.964444310183,50.000678,-86.000977,371951.693274685
"773",312401099,5,8,2291800,0.349070599528755,50.000678,-86.000977,371951.693274685
"774",312401099,9,140,2418785,5.78802994065202,50.000678,-86.000977,371951.693274685
"775",312401099,15,3607,1004064,359.240048443127,50.000678,-86.000977,371951.693274685
"776",312401099,6,13,2175770,0.597489624362869,50.000678,-86.000977,371951.693274685
"777",312401099,3,0,2014806,0,50.000678,-86.000977,371951.693274685
"778",312401099,11,1039,2485104,41.8091154333984,50.000678,-86.000977,371951.693274685
"779",312401099,16,3510,794357,441.866818067947,50.000678,-86.000977,371951.693274685
"780",312401099,2,2,1843934,0.108463751956415,50.000678,-86.000977,371951.693274685
"781",312401099,12,1749,2091390,83.628591510909,50.000678,-86.000977,371951.693274685
"782",312401099,13,2715,1789728,151.699029126214,50.000678,-86.000977,371951.693274685
"783",312401099,1,5,1821466,0.274504163130138,50.000678,-86.000977,371951.693274685
"784",312401099,7,18,2101183,0.856660271856378,50.000678,-86.000977,371951.693274685
"785",312401099,18,1552,381084,407.259291914643,50.000678,-86.000977,371951.693274685
"786",312401099,10,457,2712256,16.8494419405838,50.000678,-86.000977,371951.693274685
"787",312401299,10,42,195391,21.4953605846738,55.5321257,-106.1412243,776445.29809489
"788",312401299,8,2,163885,1.22036794093419,55.5321257,-106.1412243,776445.29809489
"789",312401299,3,0,171529,0,55.5321257,-106.1412243,776445.29809489
"790",312401299,1,0,176588,0,55.5321257,-106.1412243,776445.29809489
"791",312401299,15,303,79488,381.18961352657,55.5321257,-106.1412243,776445.29809489
"792",312401299,5,1,202981,0.492656948187269,55.5321257,-106.1412243,776445.29809489
"793",312401299,12,144,172535,83.4613266873388,55.5321257,-106.1412243,776445.29809489
"794",312401299,13,211,137227,153.759828605158,55.5321257,-106.1412243,776445.29809489
"795",312401299,18,178,41852,425.308228997419,55.5321257,-106.1412243,776445.29809489
"796",312401299,14,300,101013,296.991476344629,55.5321257,-106.1412243,776445.29809489
"797",312401299,9,12,166809,7.19385644659461,55.5321257,-106.1412243,776445.29809489
"798",312401299,4,0,193676,0,55.5321257,-106.1412243,776445.29809489
"799",312401299,7,2,176155,1.13536374215889,55.5321257,-106.1412243,776445.29809489
"800",312401299,2,0,165263,0,55.5321257,-106.1412243,776445.29809489
"801",312401299,17,238,50112,474.936143039591,55.5321257,-106.1412243,776445.29809489
"802",312401299,16,308,66246,464.933731847961,55.5321257,-106.1412243,776445.29809489
"803",312401299,11,78,197037,39.58647360648,55.5321257,-106.1412243,776445.29809489
"804",312401299,6,1,194229,0.514856174927534,55.5321257,-106.1412243,776445.29809489
"805",312401399,1,0,10036,0,70.0000073,-90,55589.1401870038
"806",312401399,8,0,5763,0,70.0000073,-90,55589.1401870038
"807",312401399,2,0,8799,0,70.0000073,-90,55589.1401870038
"808",312401399,7,0,6551,0,70.0000073,-90,55589.1401870038
"809",312401399,6,0,7037,0,70.0000073,-90,55589.1401870038
"810",312401399,5,0,7974,0,70.0000073,-90,55589.1401870038
"811",312401399,4,0,8650,0,70.0000073,-90,55589.1401870038
"812",312401399,9,1,5724,17.4703004891684,70.0000073,-90,55589.1401870038
"813",312401399,3,0,8284,0,70.0000073,-90,55589.1401870038
"814",312401399,10,0,5122,0,70.0000073,-90,55589.1401870038
"815",384000099,15,92588,21503536,430.571046547879,39.7837304,-100.4458825,1217088.91282438
"816",384000099,1,38,51498504,0.0737885512169441,39.7837304,-100.4458825,1217088.91282438
"817",384000099,10,14569,55404704,26.2956011821668,39.7837304,-100.4458825,1217088.91282438
"818",384000099,4,87,56144664,0.154956845052987,39.7837304,-100.4458825,1217088.91282438
"819",384000099,16,83799,16036069,522.565723557313,39.7837304,-100.4458825,1217088.91282438
"820",384000099,5,186,55696228,0.33395439274631,39.7837304,-100.4458825,1217088.91282438
"821",384000099,6,297,53384184,0.55634455328567,39.7837304,-100.4458825,1217088.91282438
"822",384000099,2,9,51714128,0.0174033679925919,39.7837304,-100.4458825,1217088.91282438
"823",384000099,12,53525,47921968,111.691990612739,39.7837304,-100.4458825,1217088.91282438
"824",384000099,9,4460,52360784,8.51782509597259,39.7837304,-100.4458825,1217088.91282438
"825",384000099,7,623,50349724,1.23734541226085,39.7837304,-100.4458825,1217088.91282438
"826",384000099,8,1487,50062504,2.97028690374736,39.7837304,-100.4458825,1217088.91282438
"827",384000099,13,75080,40340864,186.114010845182,39.7837304,-100.4458825,1217088.91282438
"828",384000099,11,33567,54492164,61.5996824791176,39.7837304,-100.4458825,1217088.91282438
"829",384000099,3,28,52900324,0.0529297325286703,39.7837304,-100.4458825,1217088.91282438
"830",384000099,17,64424,11525145,558.986459606365,39.7837304,-100.4458825,1217088.91282438
"831",384000099,14,93676,29712688,315.272721202471,39.7837304,-100.4458825,1217088.91282438
"832",384000099,18,42226,9054522,466.352613644321,39.7837304,-100.4458825,1217088.91282438
"833",384000299,13,682,580463,117.492415537252,37.7884969,-122.3558473,2215.01158876974
"834",384000299,14,834,398790,209.132626194238,37.7884969,-122.3558473,2215.01158876974
"835",384000299,16,871,212207,410.448288699242,37.7884969,-122.3558473,2215.01158876974
"836",384000299,9,40,835572,4.78713982756722,37.7884969,-122.3558473,2215.01158876974
"837",384000299,8,20,824698,2.42513016886181,37.7884969,-122.3558473,2215.01158876974
"838",384000299,1,0,665771,0,37.7884969,-122.3558473,2215.01158876974
"839",384000299,7,13,817269,1.59066353917743,37.7884969,-122.3558473,2215.01158876974
"840",384000299,5,10,704071,1.42031130383157,37.7884969,-122.3558473,2215.01158876974
"841",384000299,11,280,790589,35.4166324095073,37.7884969,-122.3558473,2215.01158876974
"842",384000299,2,0,646963,0,37.7884969,-122.3558473,2215.01158876974
"843",384000299,12,433,700972,61.7713688991857,37.7884969,-122.3558473,2215.01158876974
"844",384000299,3,0,636608,0,37.7884969,-122.3558473,2215.01158876974
"845",384000299,15,849,282377,300.661881102214,37.7884969,-122.3558473,2215.01158876974
"846",384000299,10,100,831282,12.0296120931284,37.7884969,-122.3558473,2215.01158876974
"847",384000299,17,750,157609,475.861150061227,37.7884969,-122.3558473,2215.01158876974
"848",384000299,6,3,827280,0.362634174644619,37.7884969,-122.3558473,2215.01158876974
"849",384000299,18,629,142750,440.630472854641,37.7884969,-122.3558473,2215.01158876974
"850",384000299,4,0,667619,0,37.7884969,-122.3558473,2215.01158876974
"851",384000399,15,1550,552877,280.351687626724,34.3155072,-118.2096814,42970.3492196307
"852",384000399,11,473,1615025,29.2874723301497,34.3155072,-118.2096814,42970.3492196307
"853",384000399,1,1,1663227,0.0601240840847341,34.3155072,-118.2096814,42970.3492196307
"854",384000399,3,1,1726952,0.0579054889771111,34.3155072,-118.2096814,42970.3492196307
"855",384000399,14,1508,754730,199.806553336955,34.3155072,-118.2096814,42970.3492196307
"856",384000399,13,1205,1064374,113.212085225682,34.3155072,-118.2096814,42970.3492196307
"857",384000399,7,13,1813252,0.716943921749431,34.3155072,-118.2096814,42970.3492196307
"858",384000399,10,189,1742626,10.8457006839104,34.3155072,-118.2096814,42970.3492196307
"859",384000399,2,0,1611059,0,34.3155072,-118.2096814,42970.3492196307
"860",384000399,5,6,1931517,0.310636665377524,34.3155072,-118.2096814,42970.3492196307
"861",384000399,16,1534,415892,368.845758033336,34.3155072,-118.2096814,42970.3492196307
"862",384000399,17,1271,306271,414.9919515723,34.3155072,-118.2096814,42970.3492196307
"863",384000399,18,991,266483,371.881133130444,34.3155072,-118.2096814,42970.3492196307
"864",384000399,9,77,1793655,4.29291028653782,34.3155072,-118.2096814,42970.3492196307
"865",384000399,4,0,1895479,0,34.3155072,-118.2096814,42970.3492196307
"866",384000399,8,37,1782340,2.07592266346488,34.3155072,-118.2096814,42970.3492196307
"867",384000399,6,7,1960644,0.357025548748268,34.3155072,-118.2096814,42970.3492196307
"868",384000399,12,837,1355512,61.7478856697691,34.3155072,-118.2096814,42970.3492196307
"869",384000499,7,6,514682,1.165768377367,41.6500201,-72.7342163,41022.4653144809
"870",384000499,4,2,654594,0.305532895199162,41.6500201,-72.7342163,41022.4653144809
"871",384000499,11,344,690984,49.7840760422817,41.6500201,-72.7342163,41022.4653144809
"872",384000499,2,0,565705,0,41.6500201,-72.7342163,41022.4653144809
"873",384000499,13,849,482329,176.020931770638,41.6500201,-72.7342163,41022.4653144809
"874",384000499,14,1035,355882,290.8267347042,41.6500201,-72.7342163,41022.4653144809
"875",384000499,1,1,512051,0.195293046981648,41.6500201,-72.7342163,41022.4653144809
"876",384000499,10,151,700880,21.5443442529392,41.6500201,-72.7342163,41022.4653144809
"877",384000499,17,888,151756,585.149845805108,41.6500201,-72.7342163,41022.4653144809
"878",384000499,16,1024,190033,538.853778028027,41.6500201,-72.7342163,41022.4653144809
"879",384000499,15,922,240895,382.739367774342,41.6500201,-72.7342163,41022.4653144809
"880",384000499,3,0,612567,0,41.6500201,-72.7342163,41022.4653144809
"881",384000499,6,5,541414,0.923507703901266,41.6500201,-72.7342163,41022.4653144809
"882",384000499,8,22,542143,4.05796994519896,41.6500201,-72.7342163,41022.4653144809
"883",384000499,9,39,635920,6.132846898981,41.6500201,-72.7342163,41022.4653144809
"884",384000499,5,3,584511,0.513249536792293,41.6500201,-72.7342163,41022.4653144809
"885",384000499,18,599,135062,443.500022212021,41.6500201,-72.7342163,41022.4653144809
"886",384000499,12,551,588714,93.5938333384292,41.6500201,-72.7342163,41022.4653144809
"887",384000599,14,645,230975,279.251001190605,33.7490987,-84.3901849,356049.104625245
"888",384000599,7,9,641281,1.40344092527301,33.7490987,-84.3901849,356049.104625245
"889",384000599,13,544,353959,153.690116651929,33.7490987,-84.3901849,356049.104625245
"890",384000599,4,0,610729,0,33.7490987,-84.3901849,356049.104625245
"891",384000599,3,1,611340,0.163575097327183,33.7490987,-84.3901849,356049.104625245
"892",384000599,10,115,620801,18.5244546964325,33.7490987,-84.3901849,356049.104625245
"893",384000599,17,368,64246,572.798306509355,33.7490987,-84.3901849,356049.104625245
"894",384000599,9,42,649232,6.46918204894398,33.7490987,-84.3901849,356049.104625245
"895",384000599,2,0,617709,0,33.7490987,-84.3901849,356049.104625245
"896",384000599,12,415,449435,92.3381579093751,33.7490987,-84.3901849,356049.104625245
"897",384000599,18,219,48736,449.359816152331,33.7490987,-84.3901849,356049.104625245
"898",384000599,15,608,146398,415.306220030328,33.7490987,-84.3901849,356049.104625245
"899",384000599,5,4,595504,0.671699938203606,33.7490987,-84.3901849,356049.104625245
"900",384000599,8,17,655703,2.59263721532462,33.7490987,-84.3901849,356049.104625245
"901",384000599,6,5,654792,0.763601265745458,33.7490987,-84.3901849,356049.104625245
"902",384000599,11,275,553470,49.6865232081233,33.7490987,-84.3901849,356049.104625245
"903",384000599,16,487,98250,495.674300254453,33.7490987,-84.3901849,356049.104625245
"904",384000599,1,0,634106,0,33.7490987,-84.3901849,356049.104625245
"905",384000699,10,141,531855,26.5109851369264,41.9216734,-93.3122705,1309448.08457865
"906",384000699,18,580,117822,492.267997487736,41.9216734,-93.3122705,1309448.08457865
"907",384000699,12,610,510578,119.472441037412,41.9216734,-93.3122705,1309448.08457865
"908",384000699,6,2,501156,0.399077333205629,41.9216734,-93.3122705,1309448.08457865
"909",384000699,9,48,477787,10.0463177106116,41.9216734,-93.3122705,1309448.08457865
"910",384000699,5,1,555212,0.180111380877935,41.9216734,-93.3122705,1309448.08457865
"911",384000699,4,1,557755,0.179290190137247,41.9216734,-93.3122705,1309448.08457865
"912",384000699,16,990,181280,546.116504854369,41.9216734,-93.3122705,1309448.08457865
"913",384000699,1,0,510050,0,41.9216734,-93.3122705,1309448.08457865
"914",384000699,2,0,513246,0,41.9216734,-93.3122705,1309448.08457865
"915",384000699,7,5,474398,1.05396734387582,41.9216734,-93.3122705,1309448.08457865
"916",384000699,8,10,448493,2.22968920362191,41.9216734,-93.3122705,1309448.08457865
"917",384000699,17,831,140592,591.072038238307,41.9216734,-93.3122705,1309448.08457865
"918",384000699,15,1085,231926,467.821632762174,41.9216734,-93.3122705,1309448.08457865
"919",384000699,3,0,516593,0,41.9216734,-93.3122705,1309448.08457865
"920",384000699,11,372,555814,66.9288646921452,41.9216734,-93.3122705,1309448.08457865
"921",384000699,13,786,418750,187.701492537313,41.9216734,-93.3122705,1309448.08457865
"922",384000699,14,1047,302395,346.23588352982,41.9216734,-93.3122705,1309448.08457865
"923",384000799,6,0,166414,0,29.9499323,-90.0701156,9693.09127799453
"924",384000799,2,0,122950,0,29.9499323,-90.0701156,9693.09127799453
"925",384000799,11,135,148049,91.1860262480665,29.9499323,-90.0701156,9693.09127799453
"926",384000799,3,0,121570,0,29.9499323,-90.0701156,9693.09127799453
"927",384000799,4,0,131311,0,29.9499323,-90.0701156,9693.09127799453
"928",384000799,8,3,125545,2.38958142498706,29.9499323,-90.0701156,9693.09127799453
"929",384000799,12,205,135315,151.498355688578,29.9499323,-90.0701156,9693.09127799453
"930",384000799,5,0,152146,0,29.9499323,-90.0701156,9693.09127799453
"931",384000799,9,6,129030,4.65008137642409,29.9499323,-90.0701156,9693.09127799453
"932",384000799,16,190,36289,523.574636942324,29.9499323,-90.0701156,9693.09127799453
"933",384000799,7,3,139359,2.1527134953609,29.9499323,-90.0701156,9693.09127799453
"934",384000799,18,89,20867,426.51075861408,29.9499323,-90.0701156,9693.09127799453
"935",384000799,14,278,74362,373.846857265808,29.9499323,-90.0701156,9693.09127799453
"936",384000799,17,169,27156,622.33024009427,29.9499323,-90.0701156,9693.09127799453
"937",384000799,13,227,108868,208.509387515156,29.9499323,-90.0701156,9693.09127799453
"938",384000799,10,53,141227,37.528234686002,29.9499323,-90.0701156,9693.09127799453
"939",384000799,15,248,50626,489.866866827322,29.9499323,-90.0701156,9693.09127799453
"940",384000799,1,0,134399,0,29.9499323,-90.0701156,9693.09127799453
"941",384000899,1,1,601982,0.166117923791741,42.3315509,-83.0466403,632948.081119893
"942",384000899,7,10,569415,1.75618836876443,42.3315509,-83.0466403,632948.081119893
"943",384000899,13,1089,513526,212.063264566935,42.3315509,-83.0466403,632948.081119893
"944",384000899,3,0,694910,0,42.3315509,-83.0466403,632948.081119893
"945",384000899,18,653,121271,538.463441383348,42.3315509,-83.0466403,632948.081119893
"946",384000899,9,68,677193,10.0414505170609,42.3315509,-83.0466403,632948.081119893
"947",384000899,8,22,618011,3.55980718789795,42.3315509,-83.0466403,632948.081119893
"948",384000899,12,838,637933,131.361757425937,42.3315509,-83.0466403,632948.081119893
"949",384000899,11,523,728930,71.7490019617796,42.3315509,-83.0466403,632948.081119893
"950",384000899,6,4,573858,0.697036549111453,42.3315509,-83.0466403,632948.081119893
"951",384000899,15,1256,244789,513.094951162021,42.3315509,-83.0466403,632948.081119893
"952",384000899,14,1289,360500,357.55894590846,42.3315509,-83.0466403,632948.081119893
"953",384000899,2,0,646321,0,42.3315509,-83.0466403,632948.081119893
"954",384000899,16,1191,187334,635.762862053872,42.3315509,-83.0466403,632948.081119893
"955",384000899,10,215,720410,29.8441165447454,42.3315509,-83.0466403,632948.081119893
"956",384000899,5,3,590161,0.508335860892197,42.3315509,-83.0466403,632948.081119893
"957",384000899,4,2,715282,0.279609999972039,42.3315509,-83.0466403,632948.081119893
"958",384000899,17,1033,152195,678.734518216761,42.3315509,-83.0466403,632948.081119893
"959",384000999,7,6,323556,1.85439305715239,34.5708167,-105.993007,760937.883879686
"960",384000999,4,0,379798,0,34.5708167,-105.993007,760937.883879686
"961",384000999,16,429,115193,372.418462927435,34.5708167,-105.993007,760937.883879686
"962",384000999,1,0,367489,0,34.5708167,-105.993007,760937.883879686
"963",384000999,5,2,373951,0.534829429524189,34.5708167,-105.993007,760937.883879686
"964",384000999,8,8,305057,2.62246072045552,34.5708167,-105.993007,760937.883879686
"965",384000999,15,418,156405,267.254883155909,34.5708167,-105.993007,760937.883879686
"966",384000999,12,217,328471,66.0636707654557,34.5708167,-105.993007,760937.883879686
"967",384000999,6,1,357395,0.279802459463619,34.5708167,-105.993007,760937.883879686
"968",384000999,3,0,359492,0,34.5708167,-105.993007,760937.883879686
"969",384000999,14,465,212544,218.778229448961,34.5708167,-105.993007,760937.883879686
"970",384000999,17,300,78036,384.437951714593,34.5708167,-105.993007,760937.883879686
"971",384000999,2,0,359840,0,34.5708167,-105.993007,760937.883879686
"972",384000999,18,207,58100,356.282271944923,34.5708167,-105.993007,760937.883879686
"973",384000999,10,46,347553,13.2353914367017,34.5708167,-105.993007,760937.883879686
"974",384000999,11,111,354602,31.3026999283704,34.5708167,-105.993007,760937.883879686
"975",384000999,13,302,287810,104.930335985546,34.5708167,-105.993007,760937.883879686
"976",384000999,9,19,312759,6.07496506895085,34.5708167,-105.993007,760937.883879686
"977",384001299,8,6,458497,1.30862361149582,39.4225192,-111.7143584,849657.812239229
"978",384001299,1,0,667480,0,39.4225192,-111.7143584,849657.812239229
"979",384001299,4,1,555728,0.179944145337287,39.4225192,-111.7143584,849657.812239229
"980",384001299,14,302,192402,156.963025332377,39.4225192,-111.7143584,849657.812239229
"981",384001299,9,14,399518,3.5042225882188,39.4225192,-111.7143584,849657.812239229
"982",384001299,17,193,75480,255.696873343932,39.4225192,-111.7143584,849657.812239229
"983",384001299,2,0,637902,0,39.4225192,-111.7143584,849657.812239229
"984",384001299,5,2,583924,0.34251032668635,39.4225192,-111.7143584,849657.812239229
"985",384001299,11,79,377404,20.9324755434495,39.4225192,-111.7143584,849657.812239229
"986",384001299,12,152,331315,45.8777900185624,39.4225192,-111.7143584,849657.812239229
"987",384001299,6,2,575541,0.3474991355959,39.4225192,-111.7143584,849657.812239229
"988",384001299,15,272,140467,193.639787280998,39.4225192,-111.7143584,849657.812239229
"989",384001299,7,8,552868,1.447000007235,39.4225192,-111.7143584,849657.812239229
"990",384001299,13,213,264504,80.5280827511115,39.4225192,-111.7143584,849657.812239229
"991",384001299,18,132,57542,229.397657363317,39.4225192,-111.7143584,849657.812239229
"992",384001299,3,0,586995,0,39.4225192,-111.7143584,849657.812239229
"993",384001299,10,45,385251,11.6806964809955,39.4225192,-111.7143584,849657.812239229
"994",384001299,16,256,105959,241.602884134429,39.4225192,-111.7143584,849657.812239229
"995",384001399,16,1137,213162,533.397134573704,47.6038321,-122.3300624,862.940393432387
"996",384001399,3,1,728615,0.137246694070257,47.6038321,-122.3300624,862.940393432387
"997",384001399,18,716,134298,533.142712475242,47.6038321,-122.3300624,862.940393432387
"998",384001399,9,60,836139,7.17584038060657,47.6038321,-122.3300624,862.940393432387
"999",384001399,12,637,762290,83.5639979535348,47.6038321,-122.3300624,862.940393432387
"1000",384001399,4,0,765695,0,47.6038321,-122.3300624,862.940393432387
"1001",384001399,7,11,829935,1.32540500159651,47.6038321,-122.3300624,862.940393432387
"1002",384001399,8,19,809591,2.34686403381461,47.6038321,-122.3300624,862.940393432387
"1003",384001399,1,0,740688,0,47.6038321,-122.3300624,862.940393432387
"1004",384001399,11,387,854792,45.2741719623019,47.6038321,-122.3300624,862.940393432387
"1005",384001399,6,4,883100,0.452949835805684,47.6038321,-122.3300624,862.940393432387
"1006",384001399,2,0,715385,0,47.6038321,-122.3300624,862.940393432387
"1007",384001399,5,1,824400,0.121300339640951,47.6038321,-122.3300624,862.940393432387
"1008",384001399,17,931,152373,611.000636595722,47.6038321,-122.3300624,862.940393432387
"1009",384001399,10,177,857840,20.6332183157698,47.6038321,-122.3300624,862.940393432387
"1010",384001399,13,891,628637,141.73521444013,47.6038321,-122.3300624,862.940393432387
"1011",384001399,14,1121,441190,254.085541376731,47.6038321,-122.3300624,862.940393432387
"1012",384001399,15,1142,294063,388.352155830553,47.6038321,-122.3300624,862.940393432387
"1013",384001599,7,18,1386169,1.29854296265463,40.0757384,-74.4041622,25603.7798838236
"1014",384001599,18,1299,283595,458.047567834412,40.0757384,-74.4041622,25603.7798838236
"1015",384001599,11,787,1635623,48.1162223813189,40.0757384,-74.4041622,25603.7798838236
"1016",384001599,17,1904,346014,550.266752212338,40.0757384,-74.4041622,25603.7798838236
"1017",384001599,8,47,1446472,3.2492851572654,40.0757384,-74.4041622,25603.7798838236
"1018",384001599,6,7,1400945,0.49966272765883,40.0757384,-74.4041622,25603.7798838236
"1019",384001599,12,1232,1373644,89.6884491178209,40.0757384,-74.4041622,25603.7798838236
"1020",384001599,2,0,1436633,0,40.0757384,-74.4041622,25603.7798838236
"1021",384001599,13,1799,1130151,159.182268564112,40.0757384,-74.4041622,25603.7798838236
"1022",384001599,4,1,1542868,0.064814358713772,40.0757384,-74.4041622,25603.7798838236
"1023",384001599,15,2310,584796,395.009541788931,40.0757384,-74.4041622,25603.7798838236
"1024",384001599,1,1,1380896,0.0724167497045397,40.0757384,-74.4041622,25603.7798838236
"1025",384001599,5,6,1396596,0.429616009210967,40.0757384,-74.4041622,25603.7798838236
"1026",384001599,10,326,1704577,19.1249793937147,40.0757384,-74.4041622,25603.7798838236
"1027",384001599,14,2278,824998,276.121881507592,40.0757384,-74.4041622,25603.7798838236
"1028",384001599,16,2217,454642,487.636426023113,40.0757384,-74.4041622,25603.7798838236
"1029",384001599,9,115,1592958,7.21927382893962,40.0757384,-74.4041622,25603.7798838236
"1030",384001599,3,0,1499547,0,40.0757384,-74.4041622,25603.7798838236
"1031",384001699,14,5288,1792286,295.042197506425,43.1561681,-75.8449946,223962.9468275
"1032",384001699,11,1977,3421582,57.7802899360588,43.1561681,-75.8449946,223962.9468275
"1033",384001699,17,4205,754659,557.205307297733,43.1561681,-75.8449946,223962.9468275
"1034",384001699,5,12,3563915,0.336708367062626,43.1561681,-75.8449946,223962.9468275
"1035",384001699,6,20,3430813,0.582952204040267,43.1561681,-75.8449946,223962.9468275
"1036",384001699,2,0,2958355,0,43.1561681,-75.8449946,223962.9468275
"1037",384001699,7,45,3170004,1.41955656838288,43.1561681,-75.8449946,223962.9468275
"1038",384001699,9,276,3331340,8.28495440273283,43.1561681,-75.8449946,223962.9468275
"1039",384001699,10,878,3519686,24.94540706188,43.1561681,-75.8449946,223962.9468275
"1040",384001699,16,5013,1005244,498.684896403261,43.1561681,-75.8449946,223962.9468275
"1041",384001699,13,4381,2493455,175.699982554327,43.1561681,-75.8449946,223962.9468275
"1042",384001699,12,3202,2981251,107.404576132637,43.1561681,-75.8449946,223962.9468275
"1043",384001699,4,7,3464968,0.202022067736268,43.1561681,-75.8449946,223962.9468275
"1044",384001699,15,5358,1307499,409.789988367104,43.1561681,-75.8449946,223962.9468275
"1045",384001699,8,93,3079746,3.01972954912516,43.1561681,-75.8449946,223962.9468275
"1046",384001699,1,3,2967696,0.101088521196241,43.1561681,-75.8449946,223962.9468275
"1047",384001699,3,1,3096029,0.0322994390556419,43.1561681,-75.8449946,223962.9468275
"1048",384001699,18,2945,620389,474.702162675354,43.1561681,-75.8449946,223962.9468275
"1049",384001999,1,0,717271,0,37.5726028,-85.1551411,682209.910283155
"1050",384001999,14,2241,444233,504.464999223381,37.5726028,-85.1551411,682209.910283155
"1051",384001999,18,688,106359,646.865803552121,37.5726028,-85.1551411,682209.910283155
"1052",384001999,9,111,737432,15.0522353247486,37.5726028,-85.1551411,682209.910283155
"1053",384001999,6,6,715238,0.838881603046818,37.5726028,-85.1551411,682209.910283155
"1054",384001999,11,908,780748,116.298728911249,37.5726028,-85.1551411,682209.910283155
"1055",384001999,4,0,752968,0,37.5726028,-85.1551411,682209.910283155
"1056",384001999,16,1748,226927,770.291767837234,37.5726028,-85.1551411,682209.910283155
"1057",384001999,7,12,706654,1.69814364597101,37.5726028,-85.1551411,682209.910283155
"1058",384001999,8,38,710918,5.34520155629763,37.5726028,-85.1551411,682209.910283155
"1059",384001999,13,1962,605165,324.209099997521,37.5726028,-85.1551411,682209.910283155
"1060",384001999,3,0,730339,0,37.5726028,-85.1551411,682209.910283155
"1061",384001999,2,0,722278,0,37.5726028,-85.1551411,682209.910283155
"1062",384001999,17,1185,151256,783.439995768763,37.5726028,-85.1551411,682209.910283155
"1063",384001999,10,407,788351,51.6267500136361,37.5726028,-85.1551411,682209.910283155
"1064",384001999,12,1380,702086,196.557116934393,37.5726028,-85.1551411,682209.910283155
"1065",384001999,15,2146,322995,664.406569761142,37.5726028,-85.1551411,682209.910283155
"1066",384001999,5,1,751571,0.133054628238716,37.5726028,-85.1551411,682209.910283155
"1067",384002299,18,501,106679,469.633198661405,30.8703881,-92.007126,114954.25787236
"1068",384002299,2,0,779524,0,30.8703881,-92.007126,114954.25787236
"1069",384002299,17,965,149479,645.57563269757,30.8703881,-92.007126,114954.25787236
"1070",384002299,12,1134,712100,159.247296727988,30.8703881,-92.007126,114954.25787236
"1071",384002299,3,0,785779,0,30.8703881,-92.007126,114954.25787236
"1072",384002299,10,321,783645,40.9624255881171,30.8703881,-92.007126,114954.25787236
"1073",384002299,6,3,829808,0.361529414033126,30.8703881,-92.007126,114954.25787236
"1074",384002299,13,1447,584621,247.510780488556,30.8703881,-92.007126,114954.25787236
"1075",384002299,5,2,852546,0.234591447265016,30.8703881,-92.007126,114954.25787236
"1076",384002299,16,1324,218354,606.35481832254,30.8703881,-92.007126,114954.25787236
"1077",384002299,1,0,797118,0,30.8703881,-92.007126,114954.25787236
"1078",384002299,14,1732,421138,411.266615693668,30.8703881,-92.007126,114954.25787236
"1079",384002299,9,104,714322,14.5592603895722,30.8703881,-92.007126,114954.25787236
"1080",384002299,4,1,815204,0.122668681704211,30.8703881,-92.007126,114954.25787236
"1081",384002299,7,13,740156,1.75638649149639,30.8703881,-92.007126,114954.25787236
"1082",384002299,11,739,799157,92.4724428366391,30.8703881,-92.007126,114954.25787236
"1083",384002299,8,25,686622,3.64101354165756,30.8703881,-92.007126,114954.25787236
"1084",384002299,15,1653,303342,544.929485531183,30.8703881,-92.007126,114954.25787236
"1085",384002599,13,5336,4385387,121.676832626174,36.7014631,-118.7559974,238060.698820239
"1086",384002599,15,7045,2246579,313.587904097742,36.7014631,-118.7559974,238060.698820239
"1087",384002599,7,68,6577382,1.03384598917928,36.7014631,-118.7559974,238060.698820239
"1088",384002599,2,1,6360867,0.0157211273243097,36.7014631,-118.7559974,238060.698820239
"1089",384002599,5,32,7271050,0.44010149840807,36.7014631,-118.7559974,238060.698820239
"1090",384002599,11,2098,6321048,33.1906987575478,36.7014631,-118.7559974,238060.698820239
"1091",384002599,18,4527,1063831,425.537514887233,36.7014631,-118.7559974,238060.698820239
"1092",384002599,17,5817,1238192,469.797898871904,36.7014631,-118.7559974,238060.698820239
"1093",384002599,1,7,6490031,0.107857728260466,36.7014631,-118.7559974,238060.698820239
"1094",384002599,12,3555,5392468,65.9252869001726,36.7014631,-118.7559974,238060.698820239
"1095",384002599,3,4,6616587,0.0604541283897574,36.7014631,-118.7559974,238060.698820239
"1096",384002599,8,149,6466328,2.30424438723183,36.7014631,-118.7559974,238060.698820239
"1097",384002599,6,38,7096518,0.535473876061471,36.7014631,-118.7559974,238060.698820239
"1098",384002599,14,6689,3117609,214.555449384448,36.7014631,-118.7559974,238060.698820239
"1099",384002599,10,840,6657429,12.6174834158952,36.7014631,-118.7559974,238060.698820239
"1100",384002599,16,7086,1697463,417.446506934172,36.7014631,-118.7559974,238060.698820239
"1101",384002599,9,301,6594588,4.56434882664391,36.7014631,-118.7559974,238060.698820239
"1102",384002599,4,6,7171505,0.0836644470024074,36.7014631,-118.7559974,238060.698820239
"1103",384004099,5,4,510309,0.783838811386826,35.2048883,-92.4479108,573420.163292009
"1104",384004099,3,0,504414,0,35.2048883,-92.4479108,573420.163292009
"1105",384004099,6,3,485064,0.618475087823462,35.2048883,-92.4479108,573420.163292009
"1106",384004099,4,1,514069,0.194526415714622,35.2048883,-92.4479108,573420.163292009
"1107",384004099,1,1,502335,0.199070341505171,35.2048883,-92.4479108,573420.163292009
"1108",384004099,18,423,83565,506.192784060312,35.2048883,-92.4479108,573420.163292009
"1109",384004099,16,1090,170790,638.210668071901,35.2048883,-92.4479108,573420.163292009
"1110",384004099,15,1289,238161,541.230512132549,35.2048883,-92.4479108,573420.163292009
"1111",384004099,14,1422,317244,448.235427620381,35.2048883,-92.4479108,573420.163292009
"1112",384004099,10,190,498202,38.13714115961,35.2048883,-92.4479108,573420.163292009
"1113",384004099,11,498,493744,100.861985158301,35.2048883,-92.4479108,573420.163292009
"1114",384004099,12,753,447866,168.130646220075,35.2048883,-92.4479108,573420.163292009
"1115",384004099,17,730,112242,650.380428003778,35.2048883,-92.4479108,573420.163292009
"1116",384004099,13,1077,401070,268.531677761987,35.2048883,-92.4479108,573420.163292009
"1117",384004099,9,40,461083,8.67522767050618,35.2048883,-92.4479108,573420.163292009
"1118",384004099,2,0,503005,0,35.2048883,-92.4479108,573420.163292009
"1119",384004099,8,11,453701,2.42450424398447,35.2048883,-92.4479108,573420.163292009
"1120",384004099,7,10,462083,2.16411337357141,35.2048883,-92.4479108,573420.163292009
"1121",384004199,2,0,143172,0,38.6920451,-75.4013315,20292.7776857011
"1122",384004199,1,0,142798,0,38.6920451,-75.4013315,20292.7776857011
"1123",384004199,3,0,145250,0,38.6920451,-75.4013315,20292.7776857011
"1124",384004199,16,293,53511,547.550970828428,38.6920451,-75.4013315,20292.7776857011
"1125",384004199,17,242,36598,661.238319033827,38.6920451,-75.4013315,20292.7776857011
"1126",384004199,5,0,159502,0,38.6920451,-75.4013315,20292.7776857011
"1127",384004199,14,325,98863,328.737748197,38.6920451,-75.4013315,20292.7776857011
"1128",384004199,10,61,161627,37.7412189795022,38.6920451,-75.4013315,20292.7776857011
"1129",384004199,6,2,145012,1.37919620445205,38.6920451,-75.4013315,20292.7776857011
"1130",384004199,9,24,147474,16.2740550876765,38.6920451,-75.4013315,20292.7776857011
"1131",384004199,18,136,25662,529.966487413296,38.6920451,-75.4013315,20292.7776857011
"1132",384004199,13,229,124450,184.009642426677,38.6920451,-75.4013315,20292.7776857011
"1133",384004199,4,1,161256,0.620131964081957,38.6920451,-75.4013315,20292.7776857011
"1134",384004199,7,3,133204,2.25218461908051,38.6920451,-75.4013315,20292.7776857011
"1135",384004199,12,169,137589,122.829586667539,38.6920451,-75.4013315,20292.7776857011
"1136",384004199,8,1,134593,0.742980689931869,38.6920451,-75.4013315,20292.7776857011
"1137",384004199,15,321,72124,445.066829349454,38.6920451,-75.4013315,20292.7776857011
"1138",384004199,11,105,157959,66.472945511177,38.6920451,-75.4013315,20292.7776857011
"1139",384004299,9,73,1012933,7.2067945263902,39.5162234,-76.9382069,39338.591286168
"1140",384004299,4,2,1038856,0.192519463717782,39.5162234,-76.9382069,39338.591286168
"1141",384004299,14,1443,533701,270.376109469534,39.5162234,-76.9382069,39338.591286168
"1142",384004299,18,672,156588,429.151659130968,39.5162234,-76.9382069,39338.591286168
"1143",384004299,1,0,931993,0,39.5162234,-76.9382069,39338.591286168
"1144",384004299,13,1313,749518,175.179248530389,39.5162234,-76.9382069,39338.591286168
"1145",384004299,6,4,977993,0.409000882419404,39.5162234,-76.9382069,39338.591286168
"1146",384004299,5,3,1003641,0.298911662636341,39.5162234,-76.9382069,39338.591286168
"1147",384004299,12,922,901864,102.232709144616,39.5162234,-76.9382069,39338.591286168
"1148",384004299,2,0,929724,0,39.5162234,-76.9382069,39338.591286168
"1149",384004299,16,1308,268314,487.488539546949,39.5162234,-76.9382069,39338.591286168
"1150",384004299,11,592,1053566,56.190120030449,39.5162234,-76.9382069,39338.591286168
"1151",384004299,17,1018,192492,528.853147143777,39.5162234,-76.9382069,39338.591286168
"1152",384004299,8,21,908492,2.31152283124122,39.5162234,-76.9382069,39338.591286168
"1153",384004299,10,253,1096304,23.0775405362016,39.5162234,-76.9382069,39338.591286168
"1154",384004299,15,1445,366478,394.293791168911,39.5162234,-76.9382069,39338.591286168
"1155",384004299,3,0,967267,0,39.5162234,-76.9382069,39338.591286168
"1156",384004299,7,10,905740,1.10406960054762,39.5162234,-76.9382069,39338.591286168
"1157",384004399,4,1,945555,0.10575799398237,45.9896587,-94.6113288,1148238.85565017
"1158",384004399,13,1058,693533,152.552221739989,45.9896587,-94.6113288,1148238.85565017
"1159",384004399,12,784,874098,89.6924601131681,45.9896587,-94.6113288,1148238.85565017
"1160",384004399,14,1266,494907,255.80563621044,45.9896587,-94.6113288,1148238.85565017
"1161",384004399,17,918,205049,447.697867339026,45.9896587,-94.6113288,1148238.85565017
"1162",384004399,10,211,1002236,21.0529256582282,45.9896587,-94.6113288,1148238.85565017
"1163",384004399,2,0,905832,0,45.9896587,-94.6113288,1148238.85565017
"1164",384004399,7,9,880481,1.02216856468226,45.9896587,-94.6113288,1148238.85565017
"1165",384004399,15,1332,359013,371.017205505093,45.9896587,-94.6113288,1148238.85565017
"1166",384004399,18,598,173940,343.796711509716,45.9896587,-94.6113288,1148238.85565017
"1167",384004399,3,0,904143,0,45.9896587,-94.6113288,1148238.85565017
"1168",384004399,1,2,901438,0.221867726898578,45.9896587,-94.6113288,1148238.85565017
"1169",384004399,8,18,830842,2.16647689933826,45.9896587,-94.6113288,1148238.85565017
"1170",384004399,5,3,912385,0.328808562174959,45.9896587,-94.6113288,1148238.85565017
"1171",384004399,11,473,1001178,47.2443461602233,45.9896587,-94.6113288,1148238.85565017
"1172",384004399,6,4,936546,0.427101284934216,45.9896587,-94.6113288,1148238.85565017
"1173",384004399,16,1204,273838,439.676012825101,45.9896587,-94.6113288,1148238.85565017
"1174",384004399,9,58,894459,6.48436652769998,45.9896587,-94.6113288,1148238.85565017
"1175",384004499,1,0,535024,0,32.9715645,-89.7348497,289381.090642069
"1176",384004499,13,1049,384185,273.045537956974,32.9715645,-89.7348497,289381.090642069
"1177",384004499,15,1222,212087,576.178643669815,32.9715645,-89.7348497,289381.090642069
"1178",384004499,12,804,448330,179.332188343408,32.9715645,-89.7348497,289381.090642069
"1179",384004499,17,695,97490,712.893630115909,32.9715645,-89.7348497,289381.090642069
"1180",384004499,18,333,66070,504.01089753292,32.9715645,-89.7348497,289381.090642069
"1181",384004499,4,1,563889,0.177339866534016,32.9715645,-89.7348497,289381.090642069
"1182",384004499,10,227,497938,45.588004932341,32.9715645,-89.7348497,289381.090642069
"1183",384004499,5,2,537534,0.372069487697522,32.9715645,-89.7348497,289381.090642069
"1184",384004499,3,0,533835,0,32.9715645,-89.7348497,289381.090642069
"1185",384004499,16,1089,146429,743.705140375199,32.9715645,-89.7348497,289381.090642069
"1186",384004499,9,62,462544,13.4041302016673,32.9715645,-89.7348497,289381.090642069
"1187",384004499,11,542,502533,107.853613593535,32.9715645,-89.7348497,289381.090642069
"1188",384004499,8,24,452434,5.30464111892563,32.9715645,-89.7348497,289381.090642069
"1189",384004499,7,4,462653,0.864578852833549,32.9715645,-89.7348497,289381.090642069
"1190",384004499,6,1,490505,0.20387152016799,32.9715645,-89.7348497,289381.090642069
"1191",384004499,2,0,524866,0,32.9715645,-89.7348497,289381.090642069
"1192",384004499,14,1275,285852,446.035011124638,32.9715645,-89.7348497,289381.090642069
"1193",384004599,13,3064,1270498,241.165275348722,35.6729639,-79.0392919,178115.80901216
"1194",384004599,14,3697,956582,386.480197202122,35.6729639,-79.0392919,178115.80901216
"1195",384004599,1,2,1605222,0.124593358426436,35.6729639,-79.0392919,178115.80901216
"1196",384004599,11,1303,1616613,80.6006137523328,35.6729639,-79.0392919,178115.80901216
"1197",384004599,15,3530,675944,522.232610985525,35.6729639,-79.0392919,178115.80901216
"1198",384004599,7,24,1538425,1.56003705087996,35.6729639,-79.0392919,178115.80901216
"1199",384004599,12,2065,1438970,143.505424018569,35.6729639,-79.0392919,178115.80901216
"1200",384004599,18,1145,223856,511.489528982918,35.6729639,-79.0392919,178115.80901216
"1201",384004599,3,2,1618017,0.123608095588612,35.6729639,-79.0392919,178115.80901216
"1202",384004599,10,604,1688903,35.7628590866379,35.6729639,-79.0392919,178115.80901216
"1203",384004599,17,1979,319544,619.320031044238,35.6729639,-79.0392919,178115.80901216
"1204",384004599,16,2946,480514,613.093479066167,35.6729639,-79.0392919,178115.80901216
"1205",384004599,5,5,1702936,0.293610564342994,35.6729639,-79.0392919,178115.80901216
"1206",384004599,9,181,1661162,10.8959872667446,35.6729639,-79.0392919,178115.80901216
"1207",384004599,8,57,1609472,3.54153411802131,35.6729639,-79.0392919,178115.80901216
"1208",384004599,4,1,1684435,0.0593670874803718,35.6729639,-79.0392919,178115.80901216
"1209",384004599,6,10,1546226,0.646735988141449,35.6729639,-79.0392919,178115.80901216
"1210",384004599,2,0,1617012,0,35.6729639,-79.0392919,178115.80901216
"1211",384004699,3,1,102372,0.976829601844254,47.6201461,-100.540737,1157186.81784776
"1212",384004699,18,103,27463,375.050067363362,47.6201461,-100.540737,1157186.81784776
"1213",384004699,6,0,131371,0,47.6201461,-100.540737,1157186.81784776
"1214",384004699,10,23,115489,19.9153166102399,47.6201461,-100.540737,1157186.81784776
"1215",384004699,17,195,31429,620.446084826116,47.6201461,-100.540737,1157186.81784776
"1216",384004699,9,10,99141,10.0866442743164,47.6201461,-100.540737,1157186.81784776
"1217",384004699,8,2,96833,2.06541158489358,47.6201461,-100.540737,1157186.81784776
"1218",384004699,5,0,162943,0,47.6201461,-100.540737,1157186.81784776
"1219",384004699,2,0,103749,0,47.6201461,-100.540737,1157186.81784776
"1220",384004699,4,0,124509,0,47.6201461,-100.540737,1157186.81784776
"1221",384004699,1,0,113765,0,47.6201461,-100.540737,1157186.81784776
"1222",384004699,16,208,40599,512.327889849504,47.6201461,-100.540737,1157186.81784776
"1223",384004699,7,2,109936,1.81924028525688,47.6201461,-100.540737,1157186.81784776
"1224",384004699,11,55,126523,43.4703571682619,47.6201461,-100.540737,1157186.81784776
"1225",384004699,12,90,118274,76.0944924497354,47.6201461,-100.540737,1157186.81784776
"1226",384004699,13,149,92246,161.524618953667,47.6201461,-100.540737,1157186.81784776
"1227",384004699,14,168,64861,259.015433002883,47.6201461,-100.540737,1157186.81784776
"1228",384004699,15,193,48629,396.882518661704,47.6201461,-100.540737,1157186.81784776
"1229",384004799,2,0,327774,0,41.7370229,-99.5873816,1391303.35389155
"1230",384004799,1,0,337202,0,41.7370229,-99.5873816,1391303.35389155
"1231",384004799,14,487,167298,291.097323339191,41.7370229,-99.5873816,1391303.35389155
"1232",384004799,10,60,316776,18.9408288506705,41.7370229,-99.5873816,1391303.35389155
"1233",384004799,17,393,76502,513.71205981543,41.7370229,-99.5873816,1391303.35389155
"1234",384004799,4,0,332183,0,41.7370229,-99.5873816,1391303.35389155
"1235",384004799,8,5,279778,1.78713122547162,41.7370229,-99.5873816,1391303.35389155
"1236",384004799,7,2,300029,0.66660222845125,41.7370229,-99.5873816,1391303.35389155
"1237",384004799,15,536,126243,424.577996403761,41.7370229,-99.5873816,1391303.35389155
"1238",384004799,11,177,323774,54.6677620809577,41.7370229,-99.5873816,1391303.35389155
"1239",384004799,6,2,323542,0.618157766225096,41.7370229,-99.5873816,1391303.35389155
"1240",384004799,3,0,314983,0,41.7370229,-99.5873816,1391303.35389155
"1241",384004799,16,528,100806,523.778346526992,41.7370229,-99.5873816,1391303.35389155
"1242",384004799,5,1,333782,0.299596742784212,41.7370229,-99.5873816,1391303.35389155
"1243",384004799,9,23,281523,8.16984757906104,41.7370229,-99.5873816,1391303.35389155
"1244",384004799,12,279,292100,95.5152345087299,41.7370229,-99.5873816,1391303.35389155
"1245",384004799,18,250,64285,388.893209924555,41.7370229,-99.5873816,1391303.35389155
"1246",384004799,13,385,236510,162.783814637859,41.7370229,-99.5873816,1391303.35389155
"1247",384004899,5,1,216683,0.461503671261705,43.4849133,-71.6553992,85067.0049319687
"1248",384004899,18,199,40478,491.625080290528,43.4849133,-71.6553992,85067.0049319687
"1249",384004899,7,1,179327,0.557640511467877,43.4849133,-71.6553992,85067.0049319687
"1250",384004899,6,1,185730,0.538415980186292,43.4849133,-71.6553992,85067.0049319687
"1251",384004899,17,258,50758,508.294259033059,43.4849133,-71.6553992,85067.0049319687
"1252",384004899,1,0,177075,0,43.4849133,-71.6553992,85067.0049319687
"1253",384004899,4,1,240211,0.416300668995175,43.4849133,-71.6553992,85067.0049319687
"1254",384004899,8,6,201290,2.98077400765065,43.4849133,-71.6553992,85067.0049319687
"1255",384004899,3,0,217707,0,43.4849133,-71.6553992,85067.0049319687
"1256",384004899,15,400,95722,417.876768141075,43.4849133,-71.6553992,85067.0049319687
"1257",384004899,11,180,277751,64.8062473222419,43.4849133,-71.6553992,85067.0049319687
"1258",384004899,14,444,142139,312.370285424831,43.4849133,-71.6553992,85067.0049319687
"1259",384004899,10,69,275520,25.0435540069686,43.4849133,-71.6553992,85067.0049319687
"1260",384004899,13,329,201426,163.335418466335,43.4849133,-71.6553992,85067.0049319687
"1261",384004899,16,414,71913,575.695632222269,43.4849133,-71.6553992,85067.0049319687
"1262",384004899,9,19,241606,7.86404311151213,43.4849133,-71.6553992,85067.0049319687
"1263",384004899,12,221,240405,91.9282044882594,43.4849133,-71.6553992,85067.0049319687
"1264",384004899,2,1,195416,0.511728824661235,43.4849133,-71.6553992,85067.0049319687
"1265",384004999,11,212,460750,46.0119370591427,39.5158825,-116.8537227,432889.024110972
"1266",384004999,15,780,205833,378.947982101995,39.5158825,-116.8537227,432889.024110972
"1267",384004999,3,0,468003,0,39.5158825,-116.8537227,432889.024110972
"1268",384004999,7,5,490569,1.01922461468213,39.5158825,-116.8537227,432889.024110972
"1269",384004999,5,1,463441,0.215777197097365,39.5158825,-116.8537227,432889.024110972
"1270",384004999,4,1,463874,0.21557578135442,39.5158825,-116.8537227,432889.024110972
"1271",384004999,8,12,486714,2.46551362812658,39.5158825,-116.8537227,432889.024110972
"1272",384004999,12,354,407878,86.7906579908698,39.5158825,-116.8537227,432889.024110972
"1273",384004999,18,270,56729,475.947046484162,39.5158825,-116.8537227,432889.024110972
"1274",384004999,13,575,370005,155.403305360738,39.5158825,-116.8537227,432889.024110972
"1275",384004999,10,76,492175,15.4416620104638,39.5158825,-116.8537227,432889.024110972
"1276",384004999,17,491,87004,564.341869339341,39.5158825,-116.8537227,432889.024110972
"1277",384004999,16,705,140040,503.427592116538,39.5158825,-116.8537227,432889.024110972
"1278",384004999,2,0,465481,0,39.5158825,-116.8537227,432889.024110972
"1279",384004999,1,1,479549,0.208529263954257,39.5158825,-116.8537227,432889.024110972
"1280",384004999,9,29,497870,5.82481370638922,39.5158825,-116.8537227,432889.024110972
"1281",384004999,6,2,505469,0.395672138152884,39.5158825,-116.8537227,432889.024110972
"1282",384004999,14,830,287392,288.80414207772,39.5158825,-116.8537227,432889.024110972
"1283",384005099,7,0,124426,0,64.4459613,-149.680909,327142.8881462
"1284",384005099,5,0,152176,0,64.4459613,-149.680909,327142.8881462
"1285",384005099,2,0,130061,0,64.4459613,-149.680909,327142.8881462
"1286",384005099,14,151,59233,254.925463846167,64.4459613,-149.680909,327142.8881462
"1287",384005099,11,56,146106,38.3283369608367,64.4459613,-149.680909,327142.8881462
"1288",384005099,8,4,117280,3.4106412005457,64.4459613,-149.680909,327142.8881462
"1289",384005099,13,154,96682,159.285078918516,64.4459613,-149.680909,327142.8881462
"1290",384005099,12,121,132072,91.616693924526,64.4459613,-149.680909,327142.8881462
"1291",384005099,16,109,21255,512.820512820513,64.4459613,-149.680909,327142.8881462
"1292",384005099,10,36,139942,25.7249431907505,64.4459613,-149.680909,327142.8881462
"1293",384005099,17,84,13196,636.55653228251,64.4459613,-149.680909,327142.8881462
"1294",384005099,3,0,130255,0,64.4459613,-149.680909,327142.8881462
"1295",384005099,15,153,34410,444.63818657367,64.4459613,-149.680909,327142.8881462
"1296",384005099,6,0,144894,0,64.4459613,-149.680909,327142.8881462
"1297",384005099,4,0,136737,0,64.4459613,-149.680909,327142.8881462
"1298",384005099,9,10,122732,8.14783430564156,64.4459613,-149.680909,327142.8881462
"1299",384005099,18,52,8457,614.875251271136,64.4459613,-149.680909,327142.8881462
"1300",384005099,1,0,138587,0,64.4459613,-149.680909,327142.8881462
"1301",384005199,11,764,837641,91.2085248931225,33.2588817,-86.8295337,294627.486569924
"1302",384005199,17,1123,169299,663.323469128583,33.2588817,-86.8295337,294627.486569924
"1303",384005199,10,353,831557,42.4504874590677,33.2588817,-86.8295337,294627.486569924
"1304",384005199,13,1844,655706,281.223597160923,33.2588817,-86.8295337,294627.486569924
"1305",384005199,12,1296,753626,171.96858919411,33.2588817,-86.8295337,294627.486569924
"1306",384005199,6,3,767932,0.390659589651167,33.2588817,-86.8295337,294627.486569924
"1307",384005199,18,637,115345,552.256274654298,33.2588817,-86.8295337,294627.486569924
"1308",384005199,1,0,777550,0,33.2588817,-86.8295337,294627.486569924
"1309",384005199,9,102,769252,13.2596340341007,33.2588817,-86.8295337,294627.486569924
"1310",384005199,4,0,862636,0,33.2588817,-86.8295337,294627.486569924
"1311",384005199,14,2079,495548,419.535544488122,33.2588817,-86.8295337,294627.486569924
"1312",384005199,7,14,733276,1.90924017695929,33.2588817,-86.8295337,294627.486569924
"1313",384005199,15,1920,364432,526.84725819906,33.2588817,-86.8295337,294627.486569924
"1314",384005199,3,1,818009,0.12224804372568,33.2588817,-86.8295337,294627.486569924
"1315",384005199,16,1648,261921,629.197353400453,33.2588817,-86.8295337,294627.486569924
"1316",384005199,5,6,848207,0.707374497027259,33.2588817,-86.8295337,294627.486569924
"1317",384005199,2,0,782964,0,33.2588817,-86.8295337,294627.486569924
"1318",384005199,8,33,743228,4.44009106223124,33.2588817,-86.8295337,294627.486569924
"1319",384005299,11,426,1012204,42.0863778447823,34.395342,-111.7632755,366029.736069278
"1320",384005299,9,61,1039573,5.86779379610667,34.395342,-111.7632755,366029.736069278
"1321",384005299,18,793,192166,412.664050872683,34.395342,-111.7632755,366029.736069278
"1322",384005299,10,151,1051134,14.3654377082275,34.395342,-111.7632755,366029.736069278
"1323",384005299,15,1726,521600,330.90490797546,34.395342,-111.7632755,366029.736069278
"1324",384005299,3,1,1145304,0.0873130627326893,34.395342,-111.7632755,366029.736069278
"1325",384005299,16,1663,387614,429.035070972669,34.395342,-111.7632755,366029.736069278
"1326",384005299,5,5,1170707,0.427092346761401,34.395342,-111.7632755,366029.736069278
"1327",384005299,8,21,1047501,2.00477135582687,34.395342,-111.7632755,366029.736069278
"1328",384005299,13,1091,830422,131.378985624177,34.395342,-111.7632755,366029.736069278
"1329",384005299,14,1598,676657,236.161009196683,34.395342,-111.7632755,366029.736069278
"1330",384005299,2,0,1148247,0,34.395342,-111.7632755,366029.736069278
"1331",384005299,6,5,1143471,0.437265133964919,34.395342,-111.7632755,366029.736069278
"1332",384005299,1,1,1161311,0.0861095778822383,34.395342,-111.7632755,366029.736069278
"1333",384005299,7,13,1070616,1.21425422373662,34.395342,-111.7632755,366029.736069278
"1334",384005299,12,692,901749,76.7397579592547,34.395342,-111.7632755,366029.736069278
"1335",384005299,17,1258,262040,480.079377194321,34.395342,-111.7632755,366029.736069278
"1336",384005299,4,0,1174494,0,34.395342,-111.7632755,366029.736069278
"1337",384005399,11,270,917470,29.4287551636566,38.7251776,-105.6077167,1077901.77236819
"1338",384005399,5,3,921105,0.3256957675835,38.7251776,-105.6077167,1077901.77236819
"1339",384005399,9,37,890100,4.15683631052691,38.7251776,-105.6077167,1077901.77236819
"1340",384005399,14,878,449052,195.523012925006,38.7251776,-105.6077167,1077901.77236819
"1341",384005399,16,866,218985,395.460876315729,38.7251776,-105.6077167,1077901.77236819
"1342",384005399,17,674,150895,446.668212995792,38.7251776,-105.6077167,1077901.77236819
"1343",384005399,10,123,915147,13.4404636632148,38.7251776,-105.6077167,1077901.77236819
"1344",384005399,3,0,852002,0,38.7251776,-105.6077167,1077901.77236819
"1345",384005399,7,7,919678,0.761135962804373,38.7251776,-105.6077167,1077901.77236819
"1346",384005399,18,435,117537,370.096225018505,38.7251776,-105.6077167,1077901.77236819
"1347",384005399,8,16,907712,1.7626736233519,38.7251776,-105.6077167,1077901.77236819
"1348",384005399,2,0,883438,0,38.7251776,-105.6077167,1077901.77236819
"1349",384005399,1,1,876481,0.11409260440329,38.7251776,-105.6077167,1077901.77236819
"1350",384005399,12,507,813207,62.3457496061888,38.7251776,-105.6077167,1077901.77236819
"1351",384005399,15,953,304769,312.695845049857,38.7251776,-105.6077167,1077901.77236819
"1352",384005399,13,730,662942,110.115213698936,38.7251776,-105.6077167,1077901.77236819
"1353",384005399,4,2,880930,0.227032794887221,38.7251776,-105.6077167,1077901.77236819
"1354",384005399,6,3,963180,0.311468261384165,38.7251776,-105.6077167,1077901.77236819
"1355",384005599,6,17,3014342,0.563970511640683,27.7567667,-81.4639835,91460.3310021024
"1356",384005599,9,306,3152122,9.70774608343205,27.7567667,-81.4639835,91460.3310021024
"1357",384005599,3,1,2895297,0.0345387709792812,27.7567667,-81.4639835,91460.3310021024
"1358",384005599,17,5275,1038877,507.759821422555,27.7567667,-81.4639835,91460.3310021024
"1359",384005599,5,11,3198817,0.343877127075416,27.7567667,-81.4639835,91460.3310021024
"1360",384005599,13,5277,2670074,197.634971914636,27.7567667,-81.4639835,91460.3310021024
"1361",384005599,11,2358,3254999,72.4424185690994,27.7567667,-81.4639835,91460.3310021024
"1362",384005599,18,3491,809626,431.186745484952,27.7567667,-81.4639835,91460.3310021024
"1363",384005599,8,80,2919484,2.74021025633297,27.7567667,-81.4639835,91460.3310021024
"1364",384005599,7,26,2805866,0.926630138431415,27.7567667,-81.4639835,91460.3310021024
"1365",384005599,10,1039,3418493,30.3935096546929,27.7567667,-81.4639835,91460.3310021024
"1366",384005599,2,0,2750959,0,27.7567667,-81.4639835,91460.3310021024
"1367",384005599,15,7266,1807129,402.074229343893,27.7567667,-81.4639835,91460.3310021024
"1368",384005599,12,3673,2876148,127.705528366412,27.7567667,-81.4639835,91460.3310021024
"1369",384005599,14,7150,2267646,315.304946186486,27.7567667,-81.4639835,91460.3310021024
"1370",384005599,16,6660,1417196,469.942054592308,27.7567667,-81.4639835,91460.3310021024
"1371",384005599,1,1,2747972,0.0363904726831278,27.7567667,-81.4639835,91460.3310021024
"1372",384005599,4,7,3128033,0.223782805360429,27.7567667,-81.4639835,91460.3310021024
"1373",384005699,3,3,1766062,0.169869460981551,32.3293809,-83.1137366,184718.41610771
"1374",384005699,11,1148,1622103,70.7723245687851,32.3293809,-83.1137366,184718.41610771
"1375",384005699,16,2403,390708,615.037316870911,32.3293809,-83.1137366,184718.41610771
"1376",384005699,1,0,1754078,0,32.3293809,-83.1137366,184718.41610771
"1377",384005699,12,1865,1374597,135.676129076377,32.3293809,-83.1137366,184718.41610771
"1378",384005699,10,568,1747339,32.5065714208863,32.3293809,-83.1137366,184718.41610771
"1379",384005699,2,0,1759299,0,32.3293809,-83.1137366,184718.41610771
"1380",384005699,5,7,1758384,0.398092794292942,32.3293809,-83.1137366,184718.41610771
"1381",384005699,18,862,169905,507.342338365557,32.3293809,-83.1137366,184718.41610771
"1382",384005699,9,155,1739352,8.91136469213822,32.3293809,-83.1137366,184718.41610771
"1383",384005699,8,58,1692319,3.42724982701252,32.3293809,-83.1137366,184718.41610771
"1384",384005699,15,2821,574171,491.317046663799,32.3293809,-83.1137366,184718.41610771
"1385",384005699,7,24,1634247,1.46856625712025,32.3293809,-83.1137366,184718.41610771
"1386",384005699,14,3127,845299,369.928273900714,32.3293809,-83.1137366,184718.41610771
"1387",384005699,4,2,1812630,0.110336913766185,32.3293809,-83.1137366,184718.41610771
"1388",384005699,17,1552,245748,631.541253641942,32.3293809,-83.1137366,184718.41610771
"1389",384005699,6,12,1686457,0.711550902276192,32.3293809,-83.1137366,184718.41610771
"1390",384005699,13,2667,1165174,228.892852054715,32.3293809,-83.1137366,184718.41610771
"1391",384005799,11,98,259587,37.7522757302947,43.6447642,-114.0154071,769020.049415968
"1392",384005799,2,0,307785,0,43.6447642,-114.0154071,769020.049415968
"1393",384005799,8,8,245367,3.26042214315699,43.6447642,-114.0154071,769020.049415968
"1394",384005799,13,272,208413,130.51009294046,43.6447642,-114.0154071,769020.049415968
"1395",384005799,7,2,261503,0.764809581534437,43.6447642,-114.0154071,769020.049415968
"1396",384005799,3,0,299971,0,43.6447642,-114.0154071,769020.049415968
"1397",384005799,6,1,271926,0.367747107668998,43.6447642,-114.0154071,769020.049415968
"1398",384005799,14,347,158519,218.901204272043,43.6447642,-114.0154071,769020.049415968
"1399",384005799,9,14,241853,5.78864020706793,43.6447642,-114.0154071,769020.049415968
"1400",384005799,1,0,307198,0,43.6447642,-114.0154071,769020.049415968
"1401",384005799,12,177,241146,73.3995173048692,43.6447642,-114.0154071,769020.049415968
"1402",384005799,17,256,55543,460.904164341141,43.6447642,-114.0154071,769020.049415968
"1403",384005799,5,1,278577,0.358967179630766,43.6447642,-114.0154071,769020.049415968
"1404",384005799,15,386,114968,335.745598775311,43.6447642,-114.0154071,769020.049415968
"1405",384005799,16,370,80670,458.658733110202,43.6447642,-114.0154071,769020.049415968
"1406",384005799,18,194,45204,429.165560569861,43.6447642,-114.0154071,769020.049415968
"1407",384005799,10,36,254544,14.1429379596455,43.6447642,-114.0154071,769020.049415968
"1408",384005799,4,0,294413,0,43.6447642,-114.0154071,769020.049415968
"1409",384005899,12,2351,1970861,119.287966020942,40.0796606,-89.4337288,1044248.42608709
"1410",384005899,17,2845,459512,619.135082435279,40.0796606,-89.4337288,1044248.42608709
"1411",384005899,11,1416,2268496,62.4202114528745,40.0796606,-89.4337288,1044248.42608709
"1412",384005899,10,561,2293070,24.4650185123001,40.0796606,-89.4337288,1044248.42608709
"1413",384005899,16,3585,617759,580.32339472189,40.0796606,-89.4337288,1044248.42608709
"1414",384005899,2,1,2178048,0.0459126704278326,40.0796606,-89.4337288,1044248.42608709
"1415",384005899,18,1868,368471,506.959842158542,40.0796606,-89.4337288,1044248.42608709
"1416",384005899,9,178,2177940,8.17286059303746,40.0796606,-89.4337288,1044248.42608709
"1417",384005899,15,3835,826285,464.125574105787,40.0796606,-89.4337288,1044248.42608709
"1418",384005899,4,7,2351827,0.297640940426315,40.0796606,-89.4337288,1044248.42608709
"1419",384005899,13,3142,1594145,197.096249086501,40.0796606,-89.4337288,1044248.42608709
"1420",384005899,14,3958,1145852,345.419827342449,40.0796606,-89.4337288,1044248.42608709
"1421",384005899,1,0,2123122,0,40.0796606,-89.4337288,1044248.42608709
"1422",384005899,8,67,2127876,3.14867971629926,40.0796606,-89.4337288,1044248.42608709
"1423",384005899,7,25,2178156,1.1477598482386,40.0796606,-89.4337288,1044248.42608709
"1424",384005899,3,1,2243292,0.0445773443671176,40.0796606,-89.4337288,1044248.42608709
"1425",384005899,6,13,2280756,0.569986443091677,40.0796606,-89.4337288,1044248.42608709
"1426",384005899,5,5,2250308,0.222191806632692,40.0796606,-89.4337288,1044248.42608709
"1427",384005999,13,1907,845183,225.631608775851,40.3270127,-86.1746933,787900.933718903
"1428",384005999,4,1,1210142,0.082634930446179,40.3270127,-86.1746933,787900.933718903
"1429",384005999,18,895,180249,496.535348323708,40.3270127,-86.1746933,787900.933718903
"1430",384005999,8,47,1035785,4.53762122448191,40.3270127,-86.1746933,787900.933718903
"1431",384005999,11,926,1164865,79.494190313899,40.3270127,-86.1746933,787900.933718903
"1432",384005999,2,0,1134086,0,40.3270127,-86.1746933,787900.933718903
"1433",384005999,7,17,1029748,1.65088934380062,40.3270127,-86.1746933,787900.933718903
"1434",384005999,9,128,1075376,11.9028135275476,40.3270127,-86.1746933,787900.933718903
"1435",384005999,12,1445,1030571,140.213532109869,40.3270127,-86.1746933,787900.933718903
"1436",384005999,1,2,1104545,0.181070033362154,40.3270127,-86.1746933,787900.933718903
"1437",384005999,14,2469,617783,399.654895003585,40.3270127,-86.1746933,787900.933718903
"1438",384005999,3,1,1154130,0.0866453519100968,40.3270127,-86.1746933,787900.933718903
"1439",384005999,5,3,1155804,0.259559579305834,40.3270127,-86.1746933,787900.933718903
"1440",384005999,15,2384,445083,535.630432975423,40.3270127,-86.1746933,787900.933718903
"1441",384005999,6,8,1053030,0.759712448838115,40.3270127,-86.1746933,787900.933718903
"1442",384005999,16,2008,326463,615.077359455742,40.3270127,-86.1746933,787900.933718903
"1443",384005999,10,441,1157096,38.1126544383526,40.3270127,-86.1746933,787900.933718903
"1444",384005999,17,1559,236705,658.625715553115,40.3270127,-86.1746933,787900.933718903
"1445",384006099,17,1513,268267,563.990352894691,42.3788774,-72.032366,81053.4148717319
"1446",384006099,18,1033,226881,455.304763290007,42.3788774,-72.032366,81053.4148717319
"1447",384006099,5,7,1176351,0.595060487898595,42.3788774,-72.032366,81053.4148717319
"1448",384006099,10,290,1246311,23.2686705003807,42.3788774,-72.032366,81053.4148717319
"1449",384006099,1,0,938296,0,42.3788774,-72.032366,81053.4148717319
"1450",384006099,7,12,1004603,1.19450170863515,42.3788774,-72.032366,81053.4148717319
"1451",384006099,14,1810,625770,289.243651820957,42.3788774,-72.032366,81053.4148717319
"1452",384006099,8,28,1020243,2.74444421574076,42.3788774,-72.032366,81053.4148717319
"1453",384006099,15,1898,436289,435.03274205859,42.3788774,-72.032366,81053.4148717319
"1454",384006099,12,1142,1049649,108.798274470799,42.3788774,-72.032366,81053.4148717319
"1455",384006099,16,1860,346323,537.070884694346,42.3788774,-72.032366,81053.4148717319
"1456",384006099,9,101,1148643,8.79298441726455,42.3788774,-72.032366,81053.4148717319
"1457",384006099,13,1545,881167,175.335662819874,42.3788774,-72.032366,81053.4148717319
"1458",384006099,11,706,1206463,58.5181642536903,42.3788774,-72.032366,81053.4148717319
"1459",384006099,2,0,980076,0,42.3788774,-72.032366,81053.4148717319
"1460",384006099,4,2,1180064,0.169482333161591,42.3788774,-72.032366,81053.4148717319
"1461",384006099,6,2,1103300,0.181274358741956,42.3788774,-72.032366,81053.4148717319
"1462",384006099,3,1,1035588,0.0965634982251629,42.3788774,-72.032366,81053.4148717319
"1463",384006199,9,32,226216,14.145772182339,45.709097,-68.8590201,127579.012910193
"1464",384006199,15,555,113371,489.543181236824,45.709097,-68.8590201,127579.012910193
"1465",384006199,12,322,250424,128.581925055107,45.709097,-68.8590201,127579.012910193
"1466",384006199,8,8,195054,4.10142832241328,45.709097,-68.8590201,127579.012910193
"1467",384006199,11,192,269948,71.1248092225169,45.709097,-68.8590201,127579.012910193
"1468",384006199,6,2,181652,1.10100631977628,45.709097,-68.8590201,127579.012910193
"1469",384006199,13,410,220732,185.74561006107,45.709097,-68.8590201,127579.012910193
"1470",384006199,4,2,228071,0.876919906520338,45.709097,-68.8590201,127579.012910193
"1471",384006199,16,490,87059,562.836696952641,45.709097,-68.8590201,127579.012910193
"1472",384006199,7,2,179137,1.11646393542373,45.709097,-68.8590201,127579.012910193
"1473",384006199,17,389,61284,634.749689968018,45.709097,-68.8590201,127579.012910193
"1474",384006199,10,90,259907,34.6277707025975,45.709097,-68.8590201,127579.012910193
"1475",384006199,5,0,203346,0,45.709097,-68.8590201,127579.012910193
"1476",384006199,18,236,46983,502.309345933636,45.709097,-68.8590201,127579.012910193
"1477",384006199,3,1,202145,0.494694402532835,45.709097,-68.8590201,127579.012910193
"1478",384006199,1,1,177595,0.563078915510009,45.709097,-68.8590201,127579.012910193
"1479",384006199,14,563,159378,353.248252581912,45.709097,-68.8590201,127579.012910193
"1480",384006199,2,0,189817,0,45.709097,-68.8590201,127579.012910193
"1481",384006299,14,3363,1009238,333.221697954298,43.6211955,-84.6824346,809486.09747
"1482",384006299,11,1320,1867977,70.664681631519,43.6211955,-84.6824346,809486.09747
"1483",384006299,2,2,1623735,0.123172808370824,43.6211955,-84.6824346,809486.09747
"1484",384006299,16,2888,529577,545.340904155581,43.6211955,-84.6824346,809486.09747
"1485",384006299,4,5,1879172,0.266074632870222,43.6211955,-84.6824346,809486.09747
"1486",384006299,5,9,1725280,0.521654456088287,43.6211955,-84.6824346,809486.09747
"1487",384006299,6,11,1488394,0.739051622083937,43.6211955,-84.6824346,809486.09747
"1488",384006299,8,53,1507848,3.51494315076851,43.6211955,-84.6824346,809486.09747
"1489",384006299,15,3254,712799,456.510180289254,43.6211955,-84.6824346,809486.09747
"1490",384006299,7,23,1439801,1.59744297996737,43.6211955,-84.6824346,809486.09747
"1491",384006299,17,2346,401865,583.778134448136,43.6211955,-84.6824346,809486.09747
"1492",384006299,13,2745,1378909,199.070424516774,43.6211955,-84.6824346,809486.09747
"1493",384006299,3,0,1730479,0,43.6211955,-84.6824346,809486.09747
"1494",384006299,1,3,1519318,0.197457016898372,43.6211955,-84.6824346,809486.09747
"1495",384006299,18,1455,309763,469.713942594822,43.6211955,-84.6824346,809486.09747
"1496",384006299,10,579,1819764,31.8173125745976,43.6211955,-84.6824346,809486.09747
"1497",384006299,12,2080,1671589,124.432501051395,43.6211955,-84.6824346,809486.09747
"1498",384006299,9,175,1664588,10.5131119532281,43.6211955,-84.6824346,809486.09747
"1499",384006399,13,1864,798546,233.424248571779,38.7604815,-92.5617875,953209.476096675
"1500",384006399,11,901,1084422,83.0857359957655,38.7604815,-92.5617875,953209.476096675
"1501",384006399,1,2,987990,0.202431198696343,38.7604815,-92.5617875,953209.476096675
"1502",384006399,15,2283,448984,508.481371273809,38.7604815,-92.5617875,953209.476096675
"1503",384006399,14,2345,609655,384.643773937719,38.7604815,-92.5617875,953209.476096675
"1504",384006399,9,113,953728,11.848241846732,38.7604815,-92.5617875,953209.476096675
"1505",384006399,2,1,994399,0.100563254790079,38.7604815,-92.5617875,953209.476096675
"1506",384006399,16,2028,337998,600.003550316866,38.7604815,-92.5617875,953209.476096675
"1507",384006399,18,999,181026,551.854429750423,38.7604815,-92.5617875,953209.476096675
"1508",384006399,5,3,1049730,0.285787773999028,38.7604815,-92.5617875,953209.476096675
"1509",384006399,3,0,1015313,0,38.7604815,-92.5617875,953209.476096675
"1510",384006399,10,418,1079417,38.7246078207032,38.7604815,-92.5617875,953209.476096675
"1511",384006399,17,1496,237016,631.181017315287,38.7604815,-92.5617875,953209.476096675
"1512",384006399,12,1334,947429,140.802107598564,38.7604815,-92.5617875,953209.476096675
"1513",384006399,4,1,1076260,0.0929143515507405,38.7604815,-92.5617875,953209.476096675
"1514",384006399,6,6,1004241,0.597466146074498,38.7604815,-92.5617875,953209.476096675
"1515",384006399,8,40,909552,4.39776945133428,38.7604815,-92.5617875,953209.476096675
"1516",384006399,7,11,934226,1.17744528625836,38.7604815,-92.5617875,953209.476096675
"1517",384006499,8,4,141282,2.83121699862686,47.3752671,-109.6387579,943896.606726164
"1518",384006499,13,211,161223,130.874627069339,47.3752671,-109.6387579,943896.606726164
"1519",384006499,2,0,155373,0,47.3752671,-109.6387579,943896.606726164
"1520",384006499,15,311,85072,365.572691367312,47.3752671,-109.6387579,943896.606726164
"1521",384006499,7,2,151786,1.31764457855138,47.3752671,-109.6387579,943896.606726164
"1522",384006499,1,0,157692,0,47.3752671,-109.6387579,943896.606726164
"1523",384006499,14,316,118832,265.921637269422,47.3752671,-109.6387579,943896.606726164
"1524",384006499,18,162,35462,456.827026112458,47.3752671,-109.6387579,943896.606726164
"1525",384006499,3,0,158343,0,47.3752671,-109.6387579,943896.606726164
"1526",384006499,12,150,188822,79.4398957748567,47.3752671,-109.6387579,943896.606726164
"1527",384006499,4,1,173937,0.574920804659158,47.3752671,-109.6387579,943896.606726164
"1528",384006499,9,15,146303,10.2526947499368,47.3752671,-109.6387579,943896.606726164
"1529",384006499,17,239,43752,546.260742366063,47.3752671,-109.6387579,943896.606726164
"1530",384006499,16,306,60994,501.688690690888,47.3752671,-109.6387579,943896.606726164
"1531",384006499,5,0,179367,0,47.3752671,-109.6387579,943896.606726164
"1532",384006499,11,84,192226,43.698563149626,47.3752671,-109.6387579,943896.606726164
"1533",384006499,6,1,163247,0.612568684263723,47.3752671,-109.6387579,943896.606726164
"1534",384006499,10,35,173357,20.1895510420693,47.3752671,-109.6387579,943896.606726164
"1535",384006599,18,1827,364931,500.642587228819,40.2253569,-82.6881395,500746.233557133
"1536",384006599,11,1708,2158033,79.146148367518,40.2253569,-82.6881395,500746.233557133
"1537",384006599,13,3488,1596102,218.532399558424,40.2253569,-82.6881395,500746.233557133
"1538",384006599,3,1,1981239,0.0504734663511066,40.2253569,-82.6881395,500746.233557133
"1539",384006599,16,3633,636986,570.342205323194,40.2253569,-82.6881395,500746.233557133
"1540",384006599,8,65,1768266,3.6759175372936,40.2253569,-82.6881395,500746.233557133
"1541",384006599,9,248,1904818,13.0196165722919,40.2253569,-82.6881395,500746.233557133
"1542",384006599,14,4135,1137530,363.50689652141,40.2253569,-82.6881395,500746.233557133
"1543",384006599,4,2,2090761,0.0956589490620879,40.2253569,-82.6881395,500746.233557133
"1544",384006599,1,1,1823002,0.0548545750361217,40.2253569,-82.6881395,500746.233557133
"1545",384006599,5,5,1937178,0.258107411915684,40.2253569,-82.6881395,500746.233557133
"1546",384006599,15,4199,845184,496.814894744813,40.2253569,-82.6881395,500746.233557133
"1547",384006599,10,761,2076633,36.6458589457068,40.2253569,-82.6881395,500746.233557133
"1548",384006599,2,1,1902949,0.0525500157912797,40.2253569,-82.6881395,500746.233557133
"1549",384006599,17,2847,476491,597.492922216789,40.2253569,-82.6881395,500746.233557133
"1550",384006599,12,2550,1924892,132.474964829196,40.2253569,-82.6881395,500746.233557133
"1551",384006599,7,20,1726939,1.15811849752655,40.2253569,-82.6881395,500746.233557133
"1552",384006599,6,11,1807918,0.60843467458148,40.2253569,-82.6881395,500746.233557133
"1553",384006699,14,1444,378829,381.174619683287,34.9550817,-97.2684063,613718.375371276
"1554",384006699,6,3,672625,0.446013752090689,34.9550817,-97.2684063,613718.375371276
"1555",384006699,3,0,651178,0,34.9550817,-97.2684063,613718.375371276
"1556",384006699,13,1149,493641,232.760244793281,34.9550817,-97.2684063,613718.375371276
"1557",384006699,16,1267,207337,611.082440664233,34.9550817,-97.2684063,613718.375371276
"1558",384006699,1,0,668064,0,34.9550817,-97.2684063,613718.375371276
"1559",384006699,9,35,580986,6.02424154798911,34.9550817,-97.2684063,613718.375371276
"1560",384006699,18,519,103414,501.866285029106,34.9550817,-97.2684063,613718.375371276
"1561",384006699,4,0,674817,0,34.9550817,-97.2684063,613718.375371276
"1562",384006699,17,812,140372,578.46294132733,34.9550817,-97.2684063,613718.375371276
"1563",384006699,15,1430,282372,506.424149703228,34.9550817,-97.2684063,613718.375371276
"1564",384006699,2,0,661826,0,34.9550817,-97.2684063,613718.375371276
"1565",384006699,11,529,646890,81.7758815254525,34.9550817,-97.2684063,613718.375371276
"1566",384006699,10,233,637552,36.546038597636,34.9550817,-97.2684063,613718.375371276
"1567",384006699,7,11,616392,1.78457864475853,34.9550817,-97.2684063,613718.375371276
"1568",384006699,5,1,703763,0.14209328992857,34.9550817,-97.2684063,613718.375371276
"1569",384006699,8,23,581361,3.95623373428902,34.9550817,-97.2684063,613718.375371276
"1570",384006699,12,789,577101,136.71783621931,34.9550817,-97.2684063,613718.375371276
"1571",384006799,18,605,135107,447.793230550601,43.9792797,-120.737257,266574.016758243
"1572",384006799,8,17,638498,2.66249855128755,43.9792797,-120.737257,266574.016758243
"1573",384006799,12,548,663854,82.5482711560072,43.9792797,-120.737257,266574.016758243
"1574",384006799,17,814,155069,524.92761286911,43.9792797,-120.737257,266574.016758243
"1575",384006799,9,40,633771,6.31142794479394,43.9792797,-120.737257,266574.016758243
"1576",384006799,2,0,605353,0,43.9792797,-120.737257,266574.016758243
"1577",384006799,13,872,576448,151.271233485067,43.9792797,-120.737257,266574.016758243
"1578",384006799,7,5,659414,0.758248990770593,43.9792797,-120.737257,266574.016758243
"1579",384006799,11,301,674788,44.6066023699295,43.9792797,-120.737257,266574.016758243
"1580",384006799,14,1093,416784,262.246151483742,43.9792797,-120.737257,266574.016758243
"1581",384006799,4,1,650378,0.15375673838906,43.9792797,-120.737257,266574.016758243
"1582",384006799,1,0,603643,0,43.9792797,-120.737257,266574.016758243
"1583",384006799,6,3,665506,0.450784816365292,43.9792797,-120.737257,266574.016758243
"1584",384006799,3,1,618628,0.16164803403661,43.9792797,-120.737257,266574.016758243
"1585",384006799,10,113,646817,17.4701654409207,43.9792797,-120.737257,266574.016758243
"1586",384006799,16,995,208542,477.122114490127,43.9792797,-120.737257,266574.016758243
"1587",384006799,5,2,652454,0.306535020093371,43.9792797,-120.737257,266574.016758243
"1588",384006799,15,1154,290628,397.07117001803,43.9792797,-120.737257,266574.016758243
"1589",384006899,8,67,1889697,3.54554195725558,40.9699889,-77.7278831,208421.017919797
"1590",384006899,13,3506,1789730,195.895470266465,40.9699889,-77.7278831,208421.017919797
"1591",384006899,17,3594,604922,594.126184863503,40.9699889,-77.7278831,208421.017919797
"1592",384006899,11,1613,2405057,67.0670175384617,40.9699889,-77.7278831,208421.017919797
"1593",384006899,10,681,2325124,29.2887605134178,40.9699889,-77.7278831,208421.017919797
"1594",384006899,14,4421,1310970,337.231210477738,40.9699889,-77.7278831,208421.017919797
"1595",384006899,16,4145,772530,536.548742443659,40.9699889,-77.7278831,208421.017919797
"1596",384006899,2,0,1914594,0,40.9699889,-77.7278831,208421.017919797
"1597",384006899,9,232,2120070,10.943034899791,40.9699889,-77.7278831,208421.017919797
"1598",384006899,4,4,2295277,0.174270904993166,40.9699889,-77.7278831,208421.017919797
"1599",384006899,3,0,2027309,0,40.9699889,-77.7278831,208421.017919797
"1600",384006899,5,5,2207601,0.226490203619223,40.9699889,-77.7278831,208421.017919797
"1601",384006899,18,2422,480577,503.977510367745,40.9699889,-77.7278831,208421.017919797
"1602",384006899,12,2489,2157257,115.378000859425,40.9699889,-77.7278831,208421.017919797
"1603",384006899,1,4,1857248,0.215372421992109,40.9699889,-77.7278831,208421.017919797
"1604",384006899,15,4469,970849,460.318751937737,40.9699889,-77.7278831,208421.017919797
"1605",384006899,7,16,1837073,0.870950691670935,40.9699889,-77.7278831,208421.017919797
"1606",384006899,6,13,1984326,0.655134287410436,40.9699889,-77.7278831,208421.017919797
"1607",384006999,10,54,194452,27.7703494949911,41.7962409,-71.5992372,16913.5497246768
"1608",384006999,13,274,143600,190.807799442897,41.7962409,-71.5992372,16913.5497246768
"1609",384006999,6,1,166695,0.599898017337053,41.7962409,-71.5992372,16913.5497246768
"1610",384006999,2,0,155118,0,41.7962409,-71.5992372,16913.5497246768
"1611",384006999,17,298,46289,643.781459958089,41.7962409,-71.5992372,16913.5497246768
"1612",384006999,1,0,145957,0,41.7962409,-71.5992372,16913.5497246768
"1613",384006999,4,0,199794,0,41.7962409,-71.5992372,16913.5497246768
"1614",384006999,12,193,171041,112.838442244842,41.7962409,-71.5992372,16913.5497246768
"1615",384006999,5,1,206927,0.483262213244284,41.7962409,-71.5992372,16913.5497246768
"1616",384006999,14,290,102118,283.985193599561,41.7962409,-71.5992372,16913.5497246768
"1617",384006999,18,200,40892,489.093221167955,41.7962409,-71.5992372,16913.5497246768
"1618",384006999,8,1,155333,0.64377820553263,41.7962409,-71.5992372,16913.5497246768
"1619",384006999,11,119,194440,61.2013988891175,41.7962409,-71.5992372,16913.5497246768
"1620",384006999,9,20,178152,11.2263684943195,41.7962409,-71.5992372,16913.5497246768
"1621",384006999,7,0,152808,0,41.7962409,-71.5992372,16913.5497246768
"1622",384006999,3,1,163451,0.61180414925574,41.7962409,-71.5992372,16913.5497246768
"1623",384006999,16,305,55915,545.470803898775,41.7962409,-71.5992372,16913.5497246768
"1624",384006999,15,326,70256,464.017308130266,41.7962409,-71.5992372,16913.5497246768
"1625",384007099,7,10,715934,1.39677679786126,33.6874388,-80.4363743,103430.840537933
"1626",384007099,11,699,784493,89.1021334798398,33.6874388,-80.4363743,103430.840537933
"1627",384007099,4,1,835060,0.11975187411683,33.6874388,-80.4363743,103430.840537933
"1628",384007099,12,1109,718852,154.273758715285,33.6874388,-80.4363743,103430.840537933
"1629",384007099,14,1912,515523,370.885489105239,33.6874388,-80.4363743,103430.840537933
"1630",384007099,10,292,797618,36.6090033073476,33.6874388,-80.4363743,103430.840537933
"1631",384007099,15,1747,359870,485.45308027899,33.6874388,-80.4363743,103430.840537933
"1632",384007099,17,973,155317,626.460722264787,33.6874388,-80.4363743,103430.840537933
"1633",384007099,8,26,724512,3.58862241067091,33.6874388,-80.4363743,103430.840537933
"1634",384007099,6,5,759291,0.658509056475054,33.6874388,-80.4363743,103430.840537933
"1635",384007099,9,74,754010,9.81419344571027,33.6874388,-80.4363743,103430.840537933
"1636",384007099,5,1,848616,0.11783892832565,33.6874388,-80.4363743,103430.840537933
"1637",384007099,2,0,751438,0,33.6874388,-80.4363743,103430.840537933
"1638",384007099,13,1488,661183,225.051158302618,33.6874388,-80.4363743,103430.840537933
"1639",384007099,3,1,762574,0.131134814457351,33.6874388,-80.4363743,103430.840537933
"1640",384007099,16,1437,248593,578.053283881686,33.6874388,-80.4363743,103430.840537933
"1641",384007099,18,573,108222,529.467206298165,33.6874388,-80.4363743,103430.840537933
"1642",384007099,1,0,762127,0,33.6874388,-80.4363743,103430.840537933
"1643",384007199,14,6216,2045554,303.878558082554,31.8160381,-99.5120986,439107.128255296
"1644",384007199,8,109,4366765,2.49612699561346,31.8160381,-99.5120986,439107.128255296
"1645",384007199,4,12,4823487,0.248782675272059,31.8160381,-99.5120986,439107.128255296
"1646",384007199,12,3503,3488055,100.428462280555,31.8160381,-99.5120986,439107.128255296
"1647",384007199,6,25,4708797,0.530921167338494,31.8160381,-99.5120986,439107.128255296
"1648",384007199,2,2,4883274,0.0409561290232741,31.8160381,-99.5120986,439107.128255296
"1649",384007199,15,6178,1445550,427.38058178548,31.8160381,-99.5120986,439107.128255296
"1650",384007199,9,235,4281591,5.48861392879423,31.8160381,-99.5120986,439107.128255296
"1651",384007199,13,4889,2833539,172.5404167721,31.8160381,-99.5120986,439107.128255296
"1652",384007199,10,918,4341927,21.1426861851892,31.8160381,-99.5120986,439107.128255296
"1653",384007199,1,3,4928438,0.0608712131511039,31.8160381,-99.5120986,439107.128255296
"1654",384007199,7,47,4453202,1.0554203469773,31.8160381,-99.5120986,439107.128255296
"1655",384007199,3,3,4815168,0.0623031221340564,31.8160381,-99.5120986,439107.128255296
"1656",384007199,18,2479,514495,481.831699044694,31.8160381,-99.5120986,439107.128255296
"1657",384007199,5,16,4733957,0.337983636099779,31.8160381,-99.5120986,439107.128255296
"1658",384007199,17,3844,701725,547.792938829313,31.8160381,-99.5120986,439107.128255296
"1659",384007199,11,2187,4134516,52.896155196884,31.8160381,-99.5120986,439107.128255296
"1660",384007199,16,5401,1049419,514.665734087147,31.8160381,-99.5120986,439107.128255296
"1661",384007299,10,40,120486,33.1988778779277,44.5990718,-72.5002608,122059.443050706
"1662",384007299,4,0,119096,0,44.5990718,-72.5002608,122059.443050706
"1663",384007299,7,0,85032,0,44.5990718,-72.5002608,122059.443050706
"1664",384007299,13,180,102809,175.081948078476,44.5990718,-72.5002608,122059.443050706
"1665",384007299,1,0,81250,0,44.5990718,-72.5002608,122059.443050706
"1666",384007299,11,68,127947,53.1470061822473,44.5990718,-72.5002608,122059.443050706
"1667",384007299,15,226,49002,461.205665074895,44.5990718,-72.5002608,122059.443050706
"1668",384007299,6,0,87838,0,44.5990718,-72.5002608,122059.443050706
"1669",384007299,2,0,88681,0,44.5990718,-72.5002608,122059.443050706
"1670",384007299,17,149,26133,570.160333677725,44.5990718,-72.5002608,122059.443050706
"1671",384007299,5,1,113969,0.877431582272372,44.5990718,-72.5002608,122059.443050706
"1672",384007299,9,18,103268,17.4303753340822,44.5990718,-72.5002608,122059.443050706
"1673",384007299,16,180,35886,501.588363149975,44.5990718,-72.5002608,122059.443050706
"1674",384007299,12,109,119838,90.9561241008695,44.5990718,-72.5002608,122059.443050706
"1675",384007299,8,4,90073,4.44084242780855,44.5990718,-72.5002608,122059.443050706
"1676",384007299,3,0,96460,0,44.5990718,-72.5002608,122059.443050706
"1677",384007299,18,84,20536,409.037787300351,44.5990718,-72.5002608,122059.443050706
"1678",384007299,14,218,72824,299.351862023509,44.5990718,-72.5002608,122059.443050706
"1679",384007399,1,0,1121019,0,47.2868352,-120.2126139,159842.040859578
"1680",384007399,11,551,1226857,44.9115096543444,47.2868352,-120.2126139,159842.040859578
"1681",384007399,14,1749,665799,262.691893499389,47.2868352,-120.2126139,159842.040859578
"1682",384007399,12,955,1112108,85.8729547849669,47.2868352,-120.2126139,159842.040859578
"1683",384007399,15,1687,451860,373.345726552472,47.2868352,-120.2126139,159842.040859578
"1684",384007399,13,1307,930894,140.402666683854,47.2868352,-120.2126139,159842.040859578
"1685",384007399,18,986,201857,488.464606132064,47.2868352,-120.2126139,159842.040859578
"1686",384007399,16,1712,323946,528.483142252104,47.2868352,-120.2126139,159842.040859578
"1687",384007399,5,1,1223803,0.0817124978448329,47.2868352,-120.2126139,159842.040859578
"1688",384007399,7,13,1159898,1.12078820723891,47.2868352,-120.2126139,159842.040859578
"1689",384007399,4,0,1175804,0,47.2868352,-120.2126139,159842.040859578
"1690",384007399,10,264,1216701,21.6980178367569,47.2868352,-120.2126139,159842.040859578
"1691",384007399,17,1317,231258,569.49381210596,47.2868352,-120.2126139,159842.040859578
"1692",384007399,3,2,1119937,0.178581473779329,47.2868352,-120.2126139,159842.040859578
"1693",384007399,9,83,1171480,7.08505480247209,47.2868352,-120.2126139,159842.040859578
"1694",384007399,8,25,1135211,2.20223376975734,47.2868352,-120.2126139,159842.040859578
"1695",384007399,2,0,1095671,0,47.2868352,-120.2126139,159842.040859578
"1696",384007399,6,4,1236246,0.323560197565857,47.2868352,-120.2126139,159842.040859578
"1697",384007499,1,0,265888,0,38.4758406,-80.8408415,303980.430230428
"1698",384007499,18,309,57621,536.262820846566,38.4758406,-80.8408415,303980.430230428
"1699",384007499,4,1,304997,0.32787207743027,38.4758406,-80.8408415,303980.430230428
"1700",384007499,8,15,291167,5.15168271129627,38.4758406,-80.8408415,303980.430230428
"1701",384007499,9,53,305925,17.3245076407616,38.4758406,-80.8408415,303980.430230428
"1702",384007499,10,149,324835,45.8694414087152,38.4758406,-80.8408415,303980.430230428
"1703",384007499,3,0,278503,0,38.4758406,-80.8408415,303980.430230428
"1704",384007499,12,551,342895,160.690590413975,38.4758406,-80.8408415,303980.430230428
"1705",384007499,7,8,283147,2.82538751955698,38.4758406,-80.8408415,303980.430230428
"1706",384007499,2,0,271058,0,38.4758406,-80.8408415,303980.430230428
"1707",384007499,5,0,303839,0,38.4758406,-80.8408415,303980.430230428
"1708",384007499,16,764,117356,651.010600224957,38.4758406,-80.8408415,303980.430230428
"1709",384007499,17,574,85319,672.769254210668,38.4758406,-80.8408415,303980.430230428
"1710",384007499,14,984,225358,436.638592816763,38.4758406,-80.8408415,303980.430230428
"1711",384007499,13,822,307051,267.707970337175,38.4758406,-80.8408415,303980.430230428
"1712",384007499,15,962,168390,571.292832115921,38.4758406,-80.8408415,303980.430230428
"1713",384007499,11,366,350671,104.371333814316,38.4758406,-80.8408415,303980.430230428
"1714",384007499,6,4,276134,1.44857207008192,38.4758406,-80.8408415,303980.430230428
"1715",384007599,18,835,188826,442.206052132651,44.4308975,-89.6884637,979851.412105571
"1716",384007599,6,3,940148,0.31909869509907,44.4308975,-89.6884637,979851.412105571
"1717",384007599,8,19,870364,2.1829947010676,44.4308975,-89.6884637,979851.412105571
"1718",384007599,1,0,910444,0,44.4308975,-89.6884637,979851.412105571
"1719",384007599,14,1605,556072,288.631687982851,44.4308975,-89.6884637,979851.412105571
"1720",384007599,3,0,959896,0,44.4308975,-89.6884637,979851.412105571
"1721",384007599,16,1575,314273,501.156637700343,44.4308975,-89.6884637,979851.412105571
"1722",384007599,15,1631,409002,398.77555610975,44.4308975,-89.6884637,979851.412105571
"1723",384007599,13,1364,781344,174.570995617807,44.4308975,-89.6884637,979851.412105571
"1724",384007599,11,624,1087481,57.3803128514429,44.4308975,-89.6884637,979851.412105571
"1725",384007599,2,0,937035,0,44.4308975,-89.6884637,979851.412105571
"1726",384007599,10,253,1078422,23.4602038904993,44.4308975,-89.6884637,979851.412105571
"1727",384007599,5,1,989929,0.101017345688428,44.4308975,-89.6884637,979851.412105571
"1728",384007599,12,931,967274,96.2498733554298,44.4308975,-89.6884637,979851.412105571
"1729",384007599,9,85,962583,8.8304073518855,44.4308975,-89.6884637,979851.412105571
"1730",384007599,7,12,896700,1.33824021411843,44.4308975,-89.6884637,979851.412105571
"1731",384007599,4,1,1025248,0.0975373763226068,44.4308975,-89.6884637,979851.412105571
"1732",384007599,17,1273,238323,534.149033034999,44.4308975,-89.6884637,979851.412105571
"1733",384007699,13,122,84498,144.382115553031,43.1700264,-107.5685348,1245920.0438676
"1734",384007699,2,0,96233,0,43.1700264,-107.5685348,1245920.0438676
"1735",384007699,14,134,58546,228.879855156629,43.1700264,-107.5685348,1245920.0438676
"1736",384007699,12,71,104920,67.6706061761342,43.1700264,-107.5685348,1245920.0438676
"1737",384007699,8,2,87923,2.27471765067161,43.1700264,-107.5685348,1245920.0438676
"1738",384007699,3,0,92270,0,43.1700264,-107.5685348,1245920.0438676
"1739",384007699,9,3,86608,3.46388324404212,43.1700264,-107.5685348,1245920.0438676
"1740",384007699,5,0,108990,0,43.1700264,-107.5685348,1245920.0438676
"1741",384007699,4,0,98780,0,43.1700264,-107.5685348,1245920.0438676
"1742",384007699,18,50,15443,323.771287962184,43.1700264,-107.5685348,1245920.0438676
"1743",384007699,11,35,111096,31.5042845827032,43.1700264,-107.5685348,1245920.0438676
"1744",384007699,17,107,20986,509.863718669589,43.1700264,-107.5685348,1245920.0438676
"1745",384007699,16,108,28630,377.226685295145,43.1700264,-107.5685348,1245920.0438676
"1746",384007699,15,143,40989,348.874088169997,43.1700264,-107.5685348,1245920.0438676
"1747",384007699,7,1,94991,1.05273131138739,43.1700264,-107.5685348,1245920.0438676
"1748",384007699,6,2,107051,1.86826839543769,43.1700264,-107.5685348,1245920.0438676
"1749",384007699,10,11,97386,11.2952580453043,43.1700264,-107.5685348,1245920.0438676
"1750",384007699,1,0,100064,0,43.1700264,-107.5685348,1245920.0438676
"1751",384007799,18,936,194073,482.292745513286,37.1232245,-78.4927721,110211.622649282
"1752",384007799,10,417,1500578,27.7892918595368,37.1232245,-78.4927721,110211.622649282
"1753",384007799,2,0,1295439,0,37.1232245,-78.4927721,110211.622649282
"1754",384007799,1,0,1300464,0,37.1232245,-78.4927721,110211.622649282
"1755",384007799,12,1433,1243577,115.232108667175,37.1232245,-78.4927721,110211.622649282
"1756",384007799,8,38,1332979,2.85075758882923,37.1232245,-78.4927721,110211.622649282
"1757",384007799,5,4,1488241,0.268773673081174,37.1232245,-78.4927721,110211.622649282
"1758",384007799,13,1888,1058413,178.380273107001,37.1232245,-78.4927721,110211.622649282
"1759",384007799,3,1,1311019,0.0762765451911833,37.1232245,-78.4927721,110211.622649282
"1760",384007799,11,926,1441965,64.21792484561,37.1232245,-78.4927721,110211.622649282
"1761",384007799,6,12,1424557,0.84236713588856,37.1232245,-78.4927721,110211.622649282
"1762",384007799,16,2038,380409,535.739164951408,37.1232245,-78.4927721,110211.622649282
"1763",384007799,17,1492,257458,579.511998073472,37.1232245,-78.4927721,110211.622649282
"1764",384007799,7,14,1325778,1.05598373181634,37.1232245,-78.4927721,110211.622649282
"1765",384007799,4,2,1401970,0.14265640491594,37.1232245,-78.4927721,110211.622649282
"1766",384007799,9,150,1410465,10.634790654146,37.1232245,-78.4927721,110211.622649282
"1767",384007799,14,2394,769407,311.148715829204,37.1232245,-78.4927721,110211.622649282
"1768",384007799,15,2308,534579,431.741613493983,37.1232245,-78.4927721,110211.622649282
"1769",384007899,4,0,149238,0,44.6471761,-100.348761,1460502.54942892
"1770",384007899,5,1,150399,0.66489803788589,44.6471761,-100.348761,1460502.54942892
"1771",384007899,13,164,111861,146.610525562975,44.6471761,-100.348761,1460502.54942892
"1772",384007899,1,0,151157,0,44.6471761,-100.348761,1460502.54942892
"1773",384007899,11,71,149074,47.627352858312,44.6471761,-100.348761,1460502.54942892
"1774",384007899,7,2,129188,1.54813140539369,44.6471761,-100.348761,1460502.54942892
"1775",384007899,15,235,60334,389.498458580568,44.6471761,-100.348761,1460502.54942892
"1776",384007899,2,0,142920,0,44.6471761,-100.348761,1460502.54942892
"1777",384007899,16,230,47982,479.346421574757,44.6471761,-100.348761,1460502.54942892
"1778",384007899,10,24,142392,16.8548794876117,44.6471761,-100.348761,1460502.54942892
"1779",384007899,18,132,31482,419.287211740042,44.6471761,-100.348761,1460502.54942892
"1780",384007899,9,7,122338,5.72185257238143,44.6471761,-100.348761,1460502.54942892
"1781",384007899,6,0,143654,0,44.6471761,-100.348761,1460502.54942892
"1782",384007899,3,0,138386,0,44.6471761,-100.348761,1460502.54942892
"1783",384007899,17,211,37536,562.127024722933,44.6471761,-100.348761,1460502.54942892
"1784",384007899,14,243,79303,306.41968147485,44.6471761,-100.348761,1460502.54942892
"1785",384007899,8,3,117273,2.55813358573585,44.6471761,-100.348761,1460502.54942892
"1786",384007899,12,150,138019,108.68068889066,44.6471761,-100.348761,1460502.54942892
"1787",384007999,9,149,1075769,13.8505571363369,35.7730076,-86.2820081,577135.723001871
"1788",384007999,12,1690,999911,169.015042338768,35.7730076,-86.2820081,577135.723001871
"1789",384007999,2,0,1050233,0,35.7730076,-86.2820081,577135.723001871
"1790",384007999,17,1345,216890,620.130019825718,35.7730076,-86.2820081,577135.723001871
"1791",384007999,11,1085,1107065,98.0068920975733,35.7730076,-86.2820081,577135.723001871
"1792",384007999,16,2079,332035,626.13881066755,35.7730076,-86.2820081,577135.723001871
"1793",384007999,3,0,1074547,0,35.7730076,-86.2820081,577135.723001871
"1794",384007999,4,2,1104686,0.181046921930757,35.7730076,-86.2820081,577135.723001871
"1795",384007999,13,2243,886958,252.886833423905,35.7730076,-86.2820081,577135.723001871
"1796",384007999,5,4,1078836,0.37076997801334,35.7730076,-86.2820081,577135.723001871
"1797",384007999,8,34,1040045,3.26908931825065,35.7730076,-86.2820081,577135.723001871
"1798",384007999,1,1,1036860,0.0964450359739984,35.7730076,-86.2820081,577135.723001871
"1799",384007999,7,20,1011237,1.97777573407619,35.7730076,-86.2820081,577135.723001871
"1800",384007999,6,7,1040884,0.672505293577382,35.7730076,-86.2820081,577135.723001871
"1801",384007999,14,2887,673350,428.751763570209,35.7730076,-86.2820081,577135.723001871
"1802",384007999,15,2611,476650,547.781390957726,35.7730076,-86.2820081,577135.723001871
"1803",384007999,10,502,1126614,44.5582959203418,35.7730076,-86.2820081,577135.723001871
"1804",384007999,18,823,151850,541.982219295357,35.7730076,-86.2820081,577135.723001871
